actual_rainfall_mm,predicted_rainfall_mm,actual_tmax_c,predicted_tmax_c,actual_tmin_c,predicted_tmin_c
0.0,0.46482010271117913,25.743322372436523,27.045344250042607,13.193462371826172,14.04280478727248
0.0,0.4610433196902495,25.997467041015625,26.923209593704218,13.52275562286377,13.93999031591548
0.0,0.43412212898255964,26.601533889770508,26.799434732498735,13.32569408416748,13.816499039293262
0.0,0.4036275255975661,26.44989013671875,26.68461578879488,13.102438926696776,13.698775768781507
0.0,0.3603358516340136,25.696258544921875,26.579869247539605,12.536994934082031,13.577723066406566
0.0,0.31404769978526836,25.899152755737305,26.483543652070654,13.328588485717772,13.46214498103392
0.0,0.27978958387485076,24.663799285888672,26.380091578703944,13.569087982177734,13.350814504773918
0.0,0.24037388988613273,24.11126136779785,26.253082849280606,13.44345474243164,13.215960636213335
0.0,0.19998944972549726,24.447269439697266,26.128623162906106,12.218622207641602,13.096178890703756
0.0,0.16835789663805034,25.55420684814453,26.02275809092294,12.181190490722656,12.997794951223206
0.0,0.11465651423741985,24.86334800720215,25.889831940136244,11.610325813293455,12.855379483218796
0.0,0.05003616813467815,25.09014320373535,25.776405150360745,11.336172103881836,12.713376185338012
0.0,-0.014749395637110752,25.102136611938477,25.66443597950362,10.921520233154297,12.575469050775174
0.0,-0.0780134970991666,25.349132537841797,25.569420706725502,11.03122901916504,12.447588815631915
0.0,-0.13446950260439916,25.27568244934082,25.487571568619558,10.918058395385742,12.335614546268154
0.0,-0.18165142232545506,26.041128158569336,25.42040653464183,10.368484497070312,12.244045667549297
0.0,-0.22029908638677842,24.919097900390625,25.364110734788067,9.346163749694824,12.169246886497369
0.0,-0.25929709152945346,25.512161254882812,25.316642479682066,9.356017112731934,12.096783934114349
0.0,-0.2987887591049416,26.50859832763672,25.257692279061153,10.19480800628662,12.020401208221335
0.0,-0.3328776761976613,26.187210083007812,25.212217126034066,9.876394271850586,11.955508169953225
0.0,-0.35746889965693285,25.71210670471191,25.19398614920447,10.692611694335938,11.91821983967671
0.0,-0.37630371392820905,25.492515563964844,25.181293101374223,10.427648544311523,11.891337914164152
0.0,-0.3826178156898328,26.093839645385746,25.184130599535326,10.569205284118652,11.889281220881559
0.0,-0.38292204179930156,26.8210391998291,25.19067965576332,10.762176513671877,11.892737748431282
0.0,-0.38112090379678776,25.71862411499023,25.203400321636227,11.005500793457031,11.901048856082625
0.0,-0.38010736970253767,24.95683860778809,25.221373530067627,11.423686027526855,11.9119565167318
0.125971108675003,-0.37214872178536673,25.210102081298828,25.24252639352202,11.289295196533203,11.936418872959552
0.0,-0.35498632171019917,25.487171173095703,25.262337736126273,11.247512817382812,11.969540365213927
0.0,-0.33755784820014245,22.72170066833496,25.280108412244804,11.743178367614746,11.998248548839095
0.0,-0.3262643247623833,21.739444732666016,25.292812200424976,12.88726043701172,12.017257074742258
0.0,-0.3017046187299375,21.841938018798828,25.29698405920293,11.806382179260254,12.054101164020974
0.0,-0.2556463782158289,22.926830291748047,25.30590008397627,11.276932716369627,12.11483508503295
0.0,-0.220707485885967,21.018156051635746,25.30056059572791,11.207592010498049,12.145612433947333
0.0,-0.21268480782798083,18.51630973815918,25.27241218435579,11.830745697021484,12.13223590989194
0.0,-0.20784837574091952,18.65163803100586,25.229308602881158,12.394786834716797,12.113684690898275
0.0,-0.1775909824630908,15.91601848602295,25.201805123949768,11.776426315307615,12.132955722845592
0.0,-0.13942304681429896,19.38104248046875,25.186284295417877,10.320290565490724,12.16196679806017
0.0,-0.08951171793010282,17.790212631225586,25.174878043797676,6.78394889831543,12.208629919981421
0.0,-0.1367357714743891,17.776500701904297,25.028120879533933,8.600488662719727,12.064164885555346
0.0,-0.20809188933344913,19.57686996459961,24.920357834285475,6.185084342956543,11.93573528821561
0.0,-0.2509967283530097,23.471908569335938,24.865056795412844,4.283445358276367,11.868632923060048
0.0,-0.3105560392322557,24.599613189697266,24.812124259421264,5.477148056030273,11.77672730016238
0.0,-0.3990898182363152,24.9373779296875,24.770090621377243,8.007163047790527,11.666236605681643
0.0,-0.483161393126573,23.06538963317871,24.754123812600852,6.193552017211914,11.585678727095408
0.0,-0.5413253114033925,23.604520797729492,24.77445529500861,6.37366247177124,11.552823898220728
0.0,-0.5865687434934497,24.31703186035156,24.793184930941862,7.431419849395752,11.526875591489642
0.0,-0.6150608291066293,19.822114944458008,24.83111728965029,7.054784297943115,11.526159341966451
0.0,-0.6278953888349914,20.102693557739254,24.89069912513583,6.73057222366333,11.553787212256063
0.0,-0.6224305987857335,22.03706169128418,24.92875423070054,6.068583965301514,11.590542809678265
0.0,-0.6096879372387489,20.735858917236328,24.970499413632297,6.732751369476318,11.627504492162279
0.0,-0.6052738386711569,20.970815658569336,25.026353836248674,6.013939380645752,11.662752758498366
0.0,-0.5923719311781026,22.76819229125977,25.105781792614415,6.24774169921875,11.726106988711265
0.0,-0.5876612370359577,20.44178771972656,25.12890014010506,6.864994049072266,11.74182825001173
0.0,-0.5872667715570508,20.752201080322266,25.165889393801038,6.815280437469482,11.760950211784653
0.0,-0.5814469957530148,23.100086212158203,25.18907985506975,6.692662239074707,11.783310144038861
0.0,-0.569660141644829,23.050779342651367,25.202336004103195,6.494032859802246,11.800213870348173
0.0,-0.5711490912405717,25.85906219482422,25.19123713106894,7.966555118560791,11.790059875242056
0.0,-0.581758188872624,25.30056381225586,25.170527690632873,11.198919296264648,11.769679428610395
0.0,-0.5903591287722723,24.772560119628903,25.18792398883974,10.864221572875977,11.770276303213052
0.0,-0.5839189573033439,23.563596725463867,25.24908874732611,11.251945495605469,11.82661948398876
0.0,-0.5717615246081609,24.87148094177246,25.308970801164307,12.86767578125,11.883061253007291
0.0,-0.5447567297787854,25.964555740356445,25.35723281927428,13.28176212310791,11.94413013648285
0.0,-0.5205141885889262,25.32233238220215,25.479230919735052,12.342156410217283,12.064504005354468
0.0,-0.5008997327066886,24.041643142700195,25.641213297185136,12.053548812866213,12.210011937096233
0.0,-0.4845969289779051,22.282669067382812,25.790876493271405,14.010555267333984,12.343138135787033
8.863252639770508,-0.46959795143255967,22.084558486938477,25.94305241979486,11.023950576782228,12.479824201511
0.0,-0.40937942868906685,23.371849060058594,26.07860586475127,10.000065803527832,12.645543910842482
0.0,-0.32817461259043235,22.42395401000977,26.1373340981404,10.921241760253906,12.761791921142294
0.0,-0.3222247859304401,24.139745712280273,26.203293655700367,8.600064277648926,12.812146757023866
0.0,-0.3158785032172151,26.069019317626953,26.24291122645653,7.534087181091309,12.852809655949441
0.0,-0.34522918988961493,25.859949111938477,26.223659916384072,8.594804763793945,12.808406342847208
0.0,-0.4176426344780939,24.957813262939453,26.234949558490804,8.499968528747559,12.754222007027385
0.0,-0.48142859817591344,24.076581954956055,26.216637773314154,8.924613952636719,12.689636611589302
0.0,-0.5262888447082421,24.58597946166992,26.218918307614864,9.58933925628662,12.652386291237733
0.0,-0.5555217557330296,24.927547454833984,26.222643674703086,9.785301208496094,12.630263327109354
0.0,-0.58414322867739,27.443214416503903,26.259943887101656,9.65131378173828,12.634724742049821
0.0,-0.6047377106527252,28.554513931274418,26.269436822099525,10.72750186920166,12.624181145213013
0.0,-0.6427165417405609,30.326919555664062,26.32653405663578,11.400030136108398,12.631880530634765
0.0,-0.6899701221373471,30.930400848388672,26.476901001364745,12.20767593383789,12.706988142326876
0.0,-0.7495201436697396,30.54198455810547,26.77327021719131,14.772209167480469,12.877098591894628
0.0,-0.8082264934503547,28.426010131835938,27.240840610820126,15.182857513427734,13.170483542731395
0.0,-0.8168201345774744,27.694091796875,27.877169519811144,13.603845596313477,13.62525447755079
0.0,-0.7866738816995058,26.85379219055176,28.452701399439412,11.676331520080566,14.10648744699311
0.0,-0.7769708271481077,26.56278610229492,29.030562656388284,10.59457778930664,14.578185864324908
0.0,-0.7486724907693114,26.60126686096191,29.420712260474225,12.166051864624023,14.904494537025318
0.0,-0.7246084377440036,26.608402252197266,29.637256638433062,12.216275215148926,15.087811653796365
0.0,-0.6966070287021484,25.682594299316406,29.80680635957306,13.912981033325195,15.24002061652499
0.0,-0.6685638175994493,25.82594871520996,29.938952300654503,13.651857376098633,15.360102878003667
0.0,-0.6182344681068237,27.65060806274414,30.01565220813933,11.767786979675291,15.45573228573583
0.0,-0.5711431195175942,30.317045211791992,30.02049815173638,12.917852401733398,15.49205314464147
0.0,-0.5663571153134539,30.048643112182617,29.99446456640899,17.154993057250977,15.470629206789042
0.0,-0.5911294810363792,27.324005126953125,30.036688973525486,17.83148193359375,15.499536942520173
0.0,-0.5816964810685219,23.990524291992188,30.18912688787032,9.910711288452148,15.65539129461309
0.0,-0.5079530010679818,24.050376892089844,30.29719769528865,8.777399063110352,15.819344136339687
0.0,-0.471333732244708,24.35273170471191,30.145945055274808,9.574121475219728,15.721560040987182
0.0,-0.48136224569838504,25.838958740234375,29.88249667416495,11.206598281860352,15.499462704385515
0.0,-0.5063502569732776,28.828065872192383,29.6351264690313,11.700225830078123,15.2828304823049
0.0,-0.5331191687450394,28.209144592285156,29.440311353306154,12.482783317565918,15.113338287922588
0.0,-0.5796760481277756,28.94135284423828,29.371637555886604,13.354253768920898,15.028833910097882
0.0,-0.6107568756517345,30.240705490112305,29.366121619032338,14.059317588806152,15.005931742508125
0.0,-0.6382825374297099,32.650123596191406,29.440164568523848,16.611921310424805,15.047748005093759
0.0,-0.6607544627567181,32.10288619995117,29.62360872234997,16.91395378112793,15.180482226433561
0.0,-0.6741672843267423,31.352895736694336,30.018947961230555,17.175334930419922,15.493789129182336
0.0,-0.649359751790727,31.08596420288086,30.4908675572724,15.935458183288574,15.895381803382806
0.0,-0.6283731266731971,30.8472900390625,31.01187784056544,16.588542938232422,16.354715117005803
0.0,-0.6127703415823413,31.574508666992188,31.444391859900826,15.443434715270996,16.729267293038085
0.0,-0.5896368820543731,31.832355499267575,31.873220948286843,14.995817184448242,17.102529507242533
0.0,-0.6069578645508331,32.888710021972656,32.32507909701342,15.752696990966797,17.472864957226186
0.0,-0.6515205202214469,33.96391677856445,32.811175419536845,16.598188400268555,17.87690838072802
0.0,-0.6970993640854104,34.348228454589844,33.26974322628638,17.786121368408203,18.26409826289957
0.0,-0.7363763813960933,35.938514709472656,33.704018790870755,19.855878829956055,18.64009006483916
0.0,-0.7196164090971378,37.0562858581543,34.10475646206297,18.683040618896484,19.00552743117428
0.0,-0.6103405138552427,36.90841293334961,34.57378255669054,19.36827087402344,19.464913156920346
0.0,-0.5415074489542082,34.113433837890625,35.04089162671782,22.5487003326416,19.901549497157784
0.0,-0.44191204842135257,36.10609436035156,35.47760908657439,19.042221069335938,20.30188999674096
0.0,-0.24572137462709698,38.03355026245117,35.8694533644449,20.960773468017575,20.720237549790756
0.0,-0.20323322916641562,38.81101608276367,36.184620238420905,23.33160400390625,21.039756254218986
0.0,-0.1741914132769109,37.74467468261719,36.52322536888175,22.785621643066406,21.374719469461436
0.0,-0.12350940036622049,37.30845642089844,36.89515396932016,21.712430953979492,21.756394339805674
0.0,-0.06772521369596607,35.69773864746094,37.22726911547759,22.66257095336914,22.125798398151893
0.0,-0.03167889851615158,34.669219970703125,37.49340322337521,21.37414169311523,22.418000883979815
0.0,0.07593154953977521,33.70321273803711,37.695726866588295,20.199405670166016,22.68362760236251
0.0,0.21408271595257755,35.85918426513672,37.89291866831824,18.12019920349121,22.985607102048746
0.0,0.3513212040369744,36.34450149536133,38.04260334510436,22.33768844604492,23.275177103621658
0.0,0.39724176316021076,36.74079132080078,38.181431573897385,22.260629653930664,23.481715463485227
0.0,0.4724280777846115,35.063446044921875,38.29571094287883,23.24138832092285,23.676604820686915
4.1663899421691895,0.5298972856217055,36.462371826171875,38.38891211941011,20.88717460632324,23.83678087155087
0.0,0.6662566033788475,37.71078872680664,38.44532759744875,19.40964698791504,24.029065954988724
0.0,0.7508457275938296,38.562984466552734,38.488929326581804,21.928112030029297,24.172080079311023
0.0,0.6899079439939264,39.50609588623047,38.544054939739,23.703433990478516,24.184260775493332
0.0,0.6838814802223889,39.88241958618164,38.63135864127106,24.018646240234375,24.278515886876686
0.0,0.6807416809857343,39.34183120727539,38.7224357857434,23.27689552307129,24.375225904896947
0.0,0.6764161629756433,38.702449798583984,38.80554972791431,23.444522857666016,24.461920010741554
0.0,0.6947559877645557,35.6062126159668,38.87627493216951,24.006277084350582,24.561076917680175
2.508862257003784,0.7583127036525137,33.736331939697266,38.93112129622865,21.310476303100582,24.68991541866561
0.0,0.8796816696863887,34.972686767578125,38.913706585993346,23.501100540161133,24.78805288753909
0.0,1.0174795091563515,35.79414749145508,38.840886502057565,24.866281509399418,24.850300672593036
0.0,1.1548543515820695,36.63720703125,38.78635314248194,22.86556053161621,24.939650128038124
0.0,1.3226680613116573,37.83299255371094,38.71348293691318,22.6141357421875,25.057872278814788
0.0,1.3783583592262088,36.8150520324707,38.68541277666195,22.874773025512695,25.107066624175374
0.0,1.3770933492421258,35.614776611328125,38.69743122822786,23.14094352722168,25.134957594414214
0.0,1.3676510599274145,36.46384048461914,38.69938392613325,24.118183135986328,25.125161427117153
0.0,1.4211358014889144,37.25859069824219,38.65750116443341,23.071840286254883,25.136967369195702
0.0,1.502374789113476,38.278656005859375,38.61079598561731,23.28775978088379,25.187017234820097
0.0,1.5122347672742302,38.78079605102539,38.60706959563861,22.980947494506836,25.20758238593079
0.0,1.4726648037752583,40.00822830200195,38.64135688416064,23.740272521972656,25.210515683107435
0.0,1.4043190978216717,39.49491882324219,38.698312448366934,25.14873313903809,25.202995063113942
0.0,1.3220151529327757,37.188533782958984,38.777054556673185,24.090755462646484,25.202201308978168
0.0,1.2795565343245952,38.594482421875,38.832992856308024,24.905900955200195,25.210289405272995
0.0,1.2743647847203676,37.024600982666016,38.84984293100443,24.70260429382324,25.21040195028514
0.0,1.2775457224930902,37.122337341308594,38.880541919761086,21.965604782104492,25.24778916575702
0.0,1.3194204392990185,34.6384391784668,38.867286793618106,20.419700622558594,25.272669928111707
0.0,1.3218681821950495,36.87681198120117,38.873561715200395,19.860286712646484,25.28779936300267
0.0,1.3745142284405878,39.211082458496094,38.824690054370876,20.387916564941406,25.29045055526761
0.0,1.3613187112344698,40.362213134765625,38.82371268252771,26.21749496459961,25.28724198308765
0.0,1.278431859830485,40.76050567626953,38.87675875936136,26.90790748596191,25.262296782032077
0.0,1.2579362430466676,41.99772644042969,38.9178651471952,26.07894515991211,25.274519348522333
0.0,1.2679295896872538,43.419898986816406,38.94731825536057,26.60047912597656,25.319498749549517
0.0,1.2680987885049517,44.249900817871094,38.996232366144554,28.711135864257812,25.390400919389467
0.0,1.254379750251133,43.91797637939453,39.060888249801735,28.773042678833008,25.46302660176366
0.0,1.2688857288884412,43.752437591552734,39.111418527526794,29.7410831451416,25.545615041809086
4.474889755249023,1.299321278568435,41.082763671875,39.142645327765464,25.060041427612305,25.624924234970358
2.4124515056610107,1.3447830103095608,40.7841682434082,39.15506577528571,24.575815200805664,25.694915948326848
0.0,1.3920913315003087,41.905757904052734,39.138711802466794,28.122623443603516,25.737501021035012
0.0,1.4200545878675856,41.31843948364258,39.13558891786484,26.04814910888672,25.773156112349028
0.7200421690940857,1.4592961066027907,42.640892028808594,39.133428061749,26.62418556213379,25.814974750554974
0.0,1.4872875627730169,44.36452102661133,39.12943060579602,28.48367691040039,25.850545804300555
0.0,1.499573719274605,44.65815353393555,39.140911016975224,28.77813148498535,25.884143608426903
0.197155550122261,1.509069090571339,44.78899765014648,39.15953376085446,29.17033576965332,25.923575342127293
0.0,1.5241350841189893,44.93315887451172,39.16988694673679,29.6290340423584,25.958448260454542
0.0,1.5175555724472507,44.471439361572266,39.18780236185668,30.20302963256836,25.970751598035307
0.0,1.5133282561039016,45.12445068359375,39.20318203150385,30.300561904907227,25.983126204225343
0.0,1.538908463240738,45.958282470703125,39.19357760144485,30.804096221923828,26.00052999860972
0.0,1.5568206463119783,45.72391891479492,39.19008085037646,30.98573875427246,26.02589152712446
0.0,1.560506194676306,45.34767532348633,39.197925908828715,31.37943649291992,26.045914145947066
0.0,1.5713528341779104,46.308956146240234,39.19684880516483,30.857683181762695,26.060826211579748
0.0,1.5928025995885897,47.10649108886719,39.18411995616816,29.964929580688477,26.073370080716806
0.0,1.5916887073720778,47.3812141418457,39.19397806306348,29.838510513305664,26.093025963154197
0.0,1.5606720758701274,46.44095230102539,39.22990044200026,29.231220245361328,26.104262944168717
0.0,1.5145587627996702,45.66525650024414,39.2765232781336,29.96682929992676,26.09985854411567
0.0,1.4862471559253683,45.51321792602539,39.30362731833684,31.0363826751709,26.094031741402556
0.0,1.4864561662295834,44.98873519897461,39.30612675119792,30.408985137939453,26.089767205995205
0.0,1.5087615468379942,42.99489974975586,39.2908810802022,30.793581008911133,26.09158158600627
0.0,1.5450082464999446,42.42988204956055,39.260554423576274,28.695520401000977,26.09957139101081
0.0,1.6319887140050584,43.35360336303711,39.17858356150452,27.787315368652344,26.11120272499664
0.0,1.693462127979811,43.56422424316406,39.11563948504726,30.614604949951172,26.12816406009845
0.0,1.7117847011245662,42.31583786010742,39.09442422527426,30.26757049560547,26.14056806458981
0.0,1.7720579646620198,41.28604507446289,39.03864907666923,28.30092430114746,26.152252553080057
0.0,1.8547993382590233,41.87241744995117,38.95418798775061,28.27224922180176,26.16372679917295
5.386964321136475,1.922290590183235,40.776981353759766,38.878572344162954,25.353248596191406,26.172902038711722
0.0,1.967050644474496,42.019775390625,38.8273367834595,27.416458129882812,26.18138597274055
0.0,2.01187290421344,42.99330520629883,38.760585508676506,28.59719467163086,26.170363094506385
0.0,2.029063172329169,43.737003326416016,38.73764360979177,29.035383224487305,26.1764904131886
0.0,2.0439609623462838,43.74188995361328,38.72034755485087,29.344144821166992,26.18085323988624
0.0,2.0455817874911144,43.01034927368164,38.717461980837726,30.48419189453125,26.184219196911677
0.0,2.045090613276209,42.08679962158203,38.71797496040794,30.36357307434082,26.18471005945804
0.0,2.080438568630034,42.93829345703125,38.68525576297495,29.44152450561523,26.187212775453666
0.0,2.1386749769885527,43.662376403808594,38.62872418686807,30.972436904907227,26.196751781852267
0.0,2.149978619179136,43.92230987548828,38.61663873597643,31.977458953857425,26.20602531268133
0.0,2.173544033335815,43.05582427978515,38.600327213111974,32.53441619873047,26.220087500148434
0.0,2.2145276363685342,42.29902648925781,38.56657387341478,31.344846725463867,26.23696895501735
0.0,2.2766156401663964,40.84746551513672,38.5083678256101,29.963998794555664,26.24866829113453
0.0,2.3309934860754318,36.842166900634766,38.45192882109067,26.68610954284668,26.2596635527826
0.0,2.395093628754349,39.30962371826172,38.37965138054871,26.683435440063477,26.26510817757849
0.0,2.496920131344105,41.24545669555664,38.248766919138205,29.14094352722168,26.248997017594796
0.0,2.5348823743125584,41.74845123291016,38.19503499424507,30.563451766967773,26.251399066679824
0.0,2.5628162697085286,40.50434112548828,38.16236336121889,29.40549087524414,26.254448769251617
0.2400140762329101,2.5991286583232327,40.000152587890625,38.122458869686156,28.724700927734375,26.255618465301303
8.501004219055176,2.6444460734257342,36.847389221191406,38.06445433130387,27.35878562927246,26.249533907784652
12.711966514587402,2.690902594686208,35.594783782958984,38.00243699361156,26.59796905517578,26.241978544344136
0.0,2.8323071889534335,36.18052673339844,37.81404153847008,27.907041549682617,26.20987678710744
1.774399995803833,3.032249680648948,38.629581451416016,37.552392805279176,27.54739570617676,26.185385626483438
0.0,3.228596780408977,37.840763092041016,37.33061378534506,27.738401412963867,26.18857905408393
0.0,3.3933971753121996,37.947898864746094,37.15458456452896,28.34771728515625,26.18535949466004
0.0,3.5449590068395067,39.68855285644531,36.98785750963826,28.63779640197754,26.16889496115537
0.0,3.687536422617349,34.84158706665039,36.83058656568855,27.840660095214844,26.149239672623057
3.488301992416382,3.7806680550814558,36.449256896972656,36.72728229999461,27.13270378112793,26.14125135238121
23.670429229736328,4.0222982947423125,36.17359924316406,36.4643902434386,25.26786994934082,26.10094063916646
0.0,4.209015970465851,34.45439910888672,36.25119532032062,26.411998748779297,26.0537617106856
0.0,4.493075675115074,35.959964752197266,35.94822027784503,27.582876205444336,25.939715603459774
19.80735969543457,4.747109100459761,37.90787887573242,35.689966518120855,27.35532569885254,25.852037396902126
0.0,4.929674956518289,39.48037338256836,35.50292843863178,28.47356414794922,25.781899879849163
0.0,5.126962312355197,40.07490539550781,35.29185166595255,28.97970962524414,25.696236199313624
0.3154488801956177,5.160939674345071,36.78140640258789,35.25874402586393,24.38221549987793,25.683823286246103
2.0647408962249756,5.072209243185737,35.363189697265625,35.35323532299929,24.85214614868164,25.71482156784923
14.917747497558594,5.021001428360931,37.64859390258789,35.39542776478863,26.39892578125,25.7239145515348
0.0,4.983290288049624,38.068748474121094,35.39019593576214,27.909046173095703,25.694758563481372
0.0,4.995564749927048,38.0474853515625,35.35231958030688,28.92177391052246,25.665364122539415
0.0,5.016641821765509,39.67947006225586,35.3569990484801,29.73403549194336,25.6859176925011
0.0,4.956125625219704,39.22550964355469,35.41990962527449,28.919458389282227,25.707915936563253
24.55326461791992,4.840028695287865,38.22613906860352,35.54216805135963,27.72880744934082,25.7505262502372
0.0,4.682739981425062,38.52368927001953,35.7072114285383,28.58389663696289,25.810099086823108
14.254157066345217,4.725359090088265,38.971378326416016,35.66213545851676,29.247846603393555,25.793655043043607
0.0,4.745179487472631,38.83395004272461,35.68273800689881,29.44770622253418,25.833763828532085
9.902090072631836,4.804788313888233,36.6915397644043,35.6441213344666,27.344560623168945,25.83325990007402
0.0,4.7873908601614215,35.11621856689453,35.68515560852237,27.854488372802734,25.865134191666122
0.0,4.859384957091919,35.21780776977539,35.61823095380487,27.288249969482425,25.845219069662505
1.3955122232437134,4.995191144008263,36.08716583251953,35.494207018770176,26.890317916870117,25.811299368984276
0.0,5.204454043811329,36.79240417480469,35.31243426797045,27.63265037536621,25.764503509278256
0.931222140789032,5.290883619871762,36.83590316772461,35.21420584050648,27.241363525390625,25.720952449961906
0.2400140762329101,5.348764793653712,37.31258010864258,35.15625756109999,29.17657470703125,25.69726187338207
0.0,5.323415327257481,38.03907775878906,35.149957067255976,28.623022079467773,25.67253404158478
0.0,5.3350810051535795,36.89628219604492,35.135730962335266,28.4187068939209,25.66084361404376
0.0,5.256528463462958,29.184776306152344,35.18917903512324,25.859498977661133,25.66146840218505
11.022313117980955,5.226520804322428,30.15593147277832,35.18925038173345,25.048572540283203,25.637614798661502
86.70369720458984,5.45120016316539,31.596405029296875,34.922156802575884,24.95863151550293,25.517258153037126
0.5520355105400085,5.817965141516812,33.240169525146484,34.57827253440436,25.933204650878903,25.360964014234487
33.99750518798828,6.577212986747363,30.042020797729492,33.921422908268816,25.580921173095703,25.065884058307187
55.51121139526367,7.089904978353168,29.123600006103516,33.49057070236169,24.369220733642575,24.900675701247238
10.553948402404783,7.807468538388298,29.692270278930664,32.922192215436645,24.43820571899414,24.68711634403643
1.823013186454773,8.351532644894412,29.834491729736328,32.40598465861834,25.029441833496097,24.367386060924417
0.0,8.792848281135509,31.840681076049805,31.884439051991393,25.48448944091797,23.990339780520134
0.0,9.071668026958552,31.58265686035156,31.466743295262308,25.76542091369629,23.68513522778804
7.656325340270996,9.274480346247778,31.881656646728516,31.158757623824158,25.79062843322754,23.48836764577948
0.0,9.295651099490449,32.51487350463867,31.034182606549273,25.91190528869629,23.36997935005745
8.097419738769531,9.34263926997712,32.73927688598633,30.932756367756483,25.767353057861328,23.30027419590074
21.444936752319336,9.371587197110921,32.87844467163086,30.882089278431195,26.125484466552734,23.27384868644007
4.173755168914795,9.332599808364652,31.48000144958496,30.91883342199853,26.010215759277344,23.28358130589386
55.33318328857422,9.284560946396313,29.71497917175293,30.985161603711276,25.068689346313477,23.32016318608096
9.828253746032717,9.223192866979637,31.757768630981445,31.083380313715793,24.521902084350582,23.390063289579285
1.2431457042694092,9.229410757648845,33.48713684082031,31.058800000022284,25.8527889251709,23.369634588160093
0.0,9.22309400178812,34.268497467041016,31.068491759355076,25.82200813293457,23.374771867078493
0.0,9.196777282150716,34.973819732666016,31.104131436938474,26.29805564880371,23.39292279405008
0.0,9.131422082359343,34.62759017944336,31.210425931126668,25.534101486206055,23.45893029519569
3.8402252197265625,9.0420260529098,34.04043197631836,31.38111022958879,26.09363174438477,23.586034444879225
1.134424090385437,8.897254899813966,33.97722244262695,31.58379674319577,25.99084091186523,23.71719155128633
0.3600210845470428,8.864348052108419,34.52906036376953,31.699607443140007,25.425800323486328,23.82811698428363
1.320077419281006,8.69295495797855,33.32122039794922,31.926368451103556,25.586999893188477,23.983150262607218
4.2070231437683105,8.432416646764196,32.46461868286133,32.18856318404763,26.249181747436523,24.1417205426185
1.4256672859191897,8.166225767989177,31.132373809814453,32.4318976227837,24.858274459838867,24.283558437935262
0.2760177552700043,7.9728643638367425,31.91612434387207,32.592406702322435,24.36188507080078,24.37535092191571
0.0,7.854137885220445,31.944026947021484,32.66702988643251,24.902816772460938,24.413245629276123
0.4143818914890289,7.746080221465975,33.08081817626953,32.72766274187498,25.43375015258789,24.436184025075594
0.0,7.656227686971035,34.2299690246582,32.77348283274742,25.11911392211914,24.44798610677114
15.395156860351562,7.49001970719764,34.838863372802734,32.8897812276881,25.684764862060547,24.489541645027852
8.287637710571289,7.307841017845492,34.63169860839844,32.989087270261194,25.92937660217285,24.499490148977234
0.0,7.259969695882914,33.19980239868164,33.0033599806289,26.124998092651367,24.482661848612736
11.814546585083008,7.248113835198099,30.36502265930176,33.000546776116444,24.08961296081543,24.471491681919407
17.17842674255371,7.214058094344144,32.8775749206543,33.010430455273486,24.57923698425293,24.46563518395243
0.0,7.365338093723148,32.519134521484375,32.88039729445583,25.468883514404297,24.397851906625775
4.195640563964844,7.52410995133991,32.69532012939453,32.7583575751391,24.988840103149418,24.34016739123305
1.680098533630371,7.623675825020266,33.524879455566406,32.66965500695998,25.723878860473633,24.289935790655008
0.0,7.743325598361374,35.139034271240234,32.579971678613006,26.115129470825195,24.242325984040587
0.0,7.788159967427467,34.39876174926758,32.544668244305974,26.109241485595703,24.21915091706782
0.0,7.702638590903208,33.560184478759766,32.59524969851981,25.783218383789062,24.22785281426001
0.0,7.593733606010698,34.47216033935547,32.667188018905954,26.040966033935547,24.256851714420502
16.280900955200195,7.503432197005276,33.30274963378906,32.73058414901987,25.20475959777832,24.287305088115232
0.0,7.28534022919076,32.784461975097656,32.868288317083405,24.355070114135746,24.330237001388525
0.0,7.244095529158965,33.42365646362305,32.897166305082564,23.56443977355957,24.33924446274297
0.0,7.182478627951557,34.23847579956055,32.92150521662538,23.417430877685547,24.339599617979175
0.0,7.01068194487712,34.597801208496094,32.99951077986327,23.523357391357425,24.338305201863264
0.0,6.777021861141255,34.52576446533203,33.10870957974633,25.47293472290039,24.336786883533218
0.0,6.515066592769276,31.33249855041504,33.239490217774225,23.53850555419922,24.332756049773774
0.0,6.272446768111527,33.67892074584961,33.401404317285504,24.49329376220703,24.370475555136387
0.0,6.256922776587736,35.40943908691406,33.41315553871639,25.18641662597656,24.38078069908467
0.0,6.19204398758502,36.91011047363281,33.45070367419238,25.773468017578125,24.38527359099423
0.0,6.029953013161083,37.56084442138672,33.56762401850356,26.27779960632324,24.416947142670217
0.0,5.804457601785115,37.406192779541016,33.740451208567656,26.436790466308594,24.471152265167746
0.0,5.546705928745769,38.14601516723633,33.94894326489295,27.631772994995117,24.545668941307973
0.0,5.2802606711600255,37.18876266479492,34.17771693771563,27.56422996520996,24.638743963302787
0.0,5.050058339439072,35.96764373779297,34.42922614127092,25.85036277770996,24.74653892263779
0.0,4.895774065758766,35.80342483520508,34.62990676666812,25.694026947021484,24.846001096786125
0.0,4.763407757158699,36.106224060058594,34.79683456381337,24.71686553955078,24.93040569855785
0.0,4.696046887852831,36.92312240600586,34.898070033533685,26.22889709472656,24.99048959046275
0.0,4.6220835945353285,37.805885314941406,34.981505419034484,26.04895401000977,25.029627638102433
0.0,4.522231005579026,38.43461227416992,35.0676125944404,25.85360336303711,25.048372767103825
0.0,4.36142766707482,37.8448486328125,35.18765953133149,24.85384750366211,25.06138552429939
0.0,4.14567948259784,36.48661804199219,35.3591015998392,24.761333465576172,25.061019381819253
0.0,3.917782588443769,36.315208435058594,35.55538993356237,24.56260108947754,25.046628764844417
0.0,3.7651952379059583,35.79994201660156,35.6716220004492,23.590906143188477,25.015419943891395
0.0,3.6533369042386488,36.685997009277344,35.74267043809261,23.558269500732425,24.979017719990168
0.0,3.5623430241896195,36.67018508911133,35.77585428352116,23.6590518951416,24.926540564314966
0.0,3.45949394698055,36.28426742553711,35.82907936618689,23.24134635925293,24.86870193055469
0.0,3.3663049610936797,35.47401428222656,35.88994978794079,21.98123550415039,24.81129031454497
0.0,3.2791455077804326,35.90626907348633,35.93834043452725,21.099138259887695,24.74519372763777
0.0,3.1940071509327073,36.32879638671875,35.96349586838697,20.578887939453125,24.65493559742445
0.0,3.0750768043292034,33.953617095947266,36.001393960264686,21.62442398071289,24.536492810911582
0.0,2.9063454398353947,35.223045349121094,36.07253036648844,22.02794075012207,24.38507552365096
0.0,2.845200304743215,36.359230041503906,36.05256865898524,21.06216049194336,24.254751072162193
0.0,2.7978672672545875,37.192665100097656,36.02970910278326,20.937700271606445,24.150929634746678
0.0,2.676747620655026,37.108917236328125,36.0426021257002,21.648174285888672,24.01729297464196
0.0,2.4881005600310004,37.889259338378906,36.108258651958714,21.81505584716797,23.86154404070026
0.0,2.30508533181841,37.650299072265625,36.19998149603963,21.633155822753903,23.733306571653024
0.0,2.099590381862703,37.42368698120117,36.34064964906383,22.05243682861328,23.627590725517283
0.0,1.9144578460921746,36.184783935546875,36.471267647507155,22.079160690307617,23.54308783245527
3.4350621700286865,1.7982570745330042,34.83184051513672,36.57144595992772,21.090639114379883,23.509902792357625
0.0,1.756159911046161,35.3418083190918,36.624045033626395,21.524169921875,23.5077359296832
0.0,1.795324460907433,35.22629165649414,36.59477911441686,19.811771392822266,23.509318092809053
0.0,1.8363450554463743,35.87274932861328,36.55887156739188,20.004207611083984,23.515698563530453
0.0,1.8543989010571384,36.98661804199219,36.500048972356986,20.28307342529297,23.480224910217544
0.0,1.8501667741591685,37.84123992919922,36.44225438224347,21.016725540161133,23.423027396988182
0.0,1.8062789231850216,38.17123794555664,36.41726619097543,22.06555557250977,23.356256876294545
0.0,1.6979314649849457,38.252662658691406,36.45616160106046,21.50949478149414,23.278446996500847
0.0,1.6170706864822972,37.419803619384766,36.522392480317336,20.90127944946289,23.25425798508491
0.0,1.5492438569029843,35.917598724365234,36.60076097787977,20.924829483032227,23.260450039420547
0.0,1.4981955783163357,35.6976318359375,36.65933680058902,19.854331970214844,23.26206249170534
0.0,1.4578755000589028,36.06929397583008,36.67346752097349,19.126861572265625,23.217981075154988
0.0,1.4117528976415916,35.66596603393555,36.64052635630871,19.039966583251953,23.121221020631967
0.0,1.3328667688701947,35.50666046142578,36.58204566241309,18.38879776000977,22.965974827338176
0.0,1.221037962055386,35.248085021972656,36.476617876105436,19.400890350341797,22.73399995844386
0.0,1.08837281848465,35.16387939453125,36.333137541459244,19.310096740722656,22.439562013905093
0.0,0.9826726582567722,35.21240997314453,36.16159804263435,19.104473114013672,22.130729517770348
0.0,0.898209271986707,35.6746940612793,35.96580862373746,19.370874404907227,21.86114379102349
0.0,0.8373006834769168,34.971458435058594,35.7900274538601,18.68853187561035,21.641494197078732
0.0,0.7771133463978623,33.895538330078125,35.63377275159137,18.27346420288086,21.44264026365278
0.0,0.7239255321733031,33.8442497253418,35.44385344537365,17.69089126586914,21.218950853134285
0.0,0.659657517726238,32.57891082763672,35.22013758233641,16.482206344604492,20.973269731509486
0.0,0.5626667836987682,31.905000686645508,34.95858039784249,16.390310287475586,20.68327905954653
0.0,0.4368389311749694,32.4747314453125,34.616715571179455,17.14930534362793,20.33691443510105
0.0,0.3068000186648163,31.84364318847656,34.22705043359191,16.743547439575195,19.93698929788129
0.0,0.21561247232200031,30.886043548583984,33.86824794723607,16.26529312133789,19.568737860813787
0.0,0.18107965715461383,27.638643264770508,33.51761234624631,15.905494689941406,19.23272091876775
0.0,0.1620972086208372,28.702909469604492,33.1310482929076,13.495731353759766,18.88074797443946
0.0,0.27768488328764285,28.57813835144043,32.627179640059964,12.553792953491213,18.491374748727587
0.0,0.3972580195172055,28.507293701171875,32.016706653107995,12.1671142578125,17.99149761414701
0.0,0.3721943664179297,28.964336395263672,31.352765103593345,11.859776496887209,17.387848336272334
0.0,0.30732121737580353,30.27040672302246,30.66869028866464,12.143731117248535,16.74701792798759
0.0,0.17805597475363477,30.382659912109375,30.113446546460505,12.843955039978027,16.18177470974485
0.0,0.04181443264410589,29.996017456054688,29.60082537148794,12.949419975280762,15.650278959707935
0.0,-0.06875633119676028,29.36193084716797,29.157074772488905,13.190141677856444,15.199303672237384
0.0,-0.14789294057082802,29.443349838256836,28.778879689314568,12.459189414978027,14.826635363110208
0.0,-0.19687467124484748,29.701772689819336,28.418112869674253,12.952500343322754,14.518393876765485
0.0,-0.2562704232669857,29.87460708618164,28.13007739822153,12.48531436920166,14.260826747233908
0.0,-0.2985183727590126,28.67510986328125,27.905490288227295,11.49804973602295,14.064434810186722
0.0,-0.33594581475858476,27.35782241821289,27.703667349898797,11.77281665802002,13.88619736354158
0.0,-0.3660900770622275,27.65044593811035,27.518048530935506,12.677823066711426,13.725505060689205
0.0,-0.39483330680285356,28.234346389770508,27.34868497586087,12.77347469329834,13.577543113168154
0.0,-0.4164323652879718,28.05039978027344,27.303371950973126,12.531421661376951,13.520535352610981
0.0,-0.4231910286490379,27.48290252685547,27.234752366748435,12.613614082336426,13.459727193464346
0.0,-0.42734369845516706,27.488168716430664,27.16878616040042,10.403508186340332,13.404775532284688
0.0,-0.4251056293881259,27.195762634277344,27.090450139610372,10.32181453704834,13.348908069475875
0.0,-0.4382759326527834,27.15007781982422,26.958643542442033,8.591609954833984,13.234168578072335
0.0,-0.4531770402937747,25.440446853637695,26.765791353526964,10.100939750671388,13.077345566798387
0.0,-0.47995955432342985,22.012117385864254,26.559726488423383,8.870285034179688,12.895941418281234
0.0,-0.4851642426607752,22.733051300048828,26.35229043864606,7.279091835021973,12.739747946389192
0.0,-0.4614969774510893,24.21381378173828,26.09678620850265,6.308820724487305,12.569241362134902
0.0,-0.43935449217501166,23.564897537231445,25.82081035995722,5.682975769042969,12.37201855188461
0.0,-0.43826896564264306,23.306716918945312,25.567470566046286,6.622090816497803,12.172599480658569
0.0,-0.4427859105504046,24.75450134277344,25.339867207781488,5.937012672424316,11.990787319353329
0.0,-0.4837698453455106,26.152761459350582,25.189956983646944,4.782503128051758,11.86138728111733
0.0,-0.5224875112706275,25.40782165527344,25.07769015166333,5.6306538581848145,11.752628413841919
0.0,-0.5671370886868035,23.974700927734375,24.987099903054254,5.9005022048950195,11.651030853988251
0.0,-0.6028095076557438,23.039474487304688,24.916671337035076,6.134468078613281,11.57560075183918
0.0,-0.6243213126329117,22.945863723754883,24.860302400512772,6.995535850524902,11.521774540780953
0.0,-0.6340804350278226,22.259632110595703,24.815811268116896,9.129852294921877,11.484953613800252
0.0,-0.6306622871479348,23.62531089782715,24.78702355020163,7.905712127685547,11.470131524786778
0.0,-0.6104052075208335,24.817537307739254,24.77971346346468,9.458234786987305,11.488185051325688
0.0,-0.593027493656086,21.02682304382324,24.77187965680758,12.533586502075195,11.494581409007907
0.0,-0.5822783922964483,20.64221954345703,24.780171718394808,9.69680118560791,11.510781357800651
0.0,-0.5392717022238811,21.077003479003903,24.81967830553508,8.784954071044922,11.591199668693728
0.0,-0.4929347813041529,21.53959846496582,24.834567499202343,8.643153190612793,11.640335811356739
0.0,-0.4622291770406175,18.79572296142578,24.83114695347389,12.27206802368164,11.664764908900162
0.0,-0.44410134841740945,20.039710998535156,24.824453669689767,10.826342582702637,11.676648355591295
0.0,-0.39157739073052333,18.570018768310547,24.8612628946632,7.271812915802002,11.766768105921608
0.0,-0.33893466210886203,19.93156623840332,24.882901119645148,7.344830513000488,11.827732462103565
0.0,-0.3221083373323772,19.103519439697266,24.853679696171014,6.350553035736084,11.81997309226901
0.0,-0.32560245879903515,20.59670639038086,24.82087713316479,6.242471694946289,11.790360391211156
0.0,-0.3486340672739967,23.601776123046875,24.779889912070587,6.609051704406738,11.743431199815287
0.0,-0.38718684729245467,26.065692901611328,24.758284419583646,8.062052726745605,11.691068964772533
0.0,-0.4390761435317785,27.942934036254883,24.754357543073027,9.9384765625,11.638670501520068
0.0,-0.4939609223691326,22.928125381469727,24.78210805005269,9.900472640991213,11.606555084466592
0.0,-0.5334449594097048,21.032386779785156,24.85376766475135,9.451991081237791,11.617287543117971
0.0,-0.5461703693125326,21.430063247680664,24.90976733781433,7.133767604827881,11.650403690226652
0.0,-0.5406498431821509,24.619815826416016,24.961507694964254,5.966975688934326,11.691106380792402
0.0,-0.5380335649931967,26.16558265686035,25.008331529074763,7.37660026550293,11.719765270296156
0.0,-0.5516361546489534,24.735671997070312,25.074949828096788,9.050540924072266,11.742887776669583
2.1073036193847656,-0.5622807508564831,17.103256225585938,25.17347412662893,10.24493408203125,11.792874391403247
0.120007038116455,-0.5724787948902454,16.182945251464844,25.29123234609555,9.623909950256348,11.867881039232222
0.0,-0.5216040280323337,17.769664764404297,25.370612738054483,7.847716808319092,11.985572238869803
0.0,-0.4371864249717632,20.338226318359375,25.43525890425221,7.305778503417969,12.09993163102389
0.0,-0.3806322177997892,20.48432159423828,25.459095320852114,7.585658550262451,12.156678667252141
0.0,-0.3714208351068775,20.38398551940918,25.42525912702693,7.83931303024292,12.137439112273919
0.0,-0.3823699891862642,19.00344467163086,25.37616601041087,6.992356777191162,12.099441659335142
0.0,-0.4008670693469192,21.326007843017575,25.2953730067142,7.570284843444824,12.035624777067046
0.0,-0.42219905910998445,24.979476928710938,25.185626065401053,10.31699562072754,11.949265039780942
0.0,-0.4469800506549886,24.778667449951172,25.095598917995183,11.190597534179688,11.865962725832635
0.0,-0.463235412362339,25.6671199798584,25.09492074161421,10.39535140991211,11.848302958359955
0.0,-0.46810004425235086,25.35348320007324,25.128351359368423,10.52760887145996,11.865921152477226
0.0,-0.47289135665469306,24.444517135620117,25.17625741159517,10.590956687927246,11.887618880570276
0.0,-0.47509724477013204,24.708141326904297,25.217310097679388,9.327404022216797,11.911274713703092
0.0,-0.4707166542036916,25.32139015197754,25.257521967798063,7.599165916442871,11.941456375824972
0.0,-0.47009294091492304,26.721811294555664,25.31145182199695,6.2379279136657715,11.971395130770247
0.0,-0.5024427595716174,27.349748611450195,25.413287216977356,6.5753326416015625,12.013574269358095
0.0,-0.5797496993778326,28.280548095703125,25.564741494274905,7.260717391967773,12.070223311248597
0.0,-0.6570712367291041,29.15032196044922,25.7575778283877,10.914198875427246,12.16022071713299
0.0,-0.729036138569489,27.087726593017575,25.991802868103793,11.096649169921877,12.282720766181242
0.0,-0.78433528862901,25.566068649291992,26.321212980415865,10.11522102355957,12.491666668751803
0.0,-0.8132443995634571,25.62938117980957,26.693737925997727,10.639185905456545,12.750418045007459
0.0,-0.8297081080502471,24.35546112060547,27.12881006653486,10.999098777770996,13.060190024736311
0.0,-0.8197711610155602,25.06593132019043,27.52753481714533,9.38376235961914,13.355631668855672
0.0,-0.7863640156294478,25.249168395996097,27.75558313276416,11.736504554748535,13.549379540498844
0.0,-0.7691100491352909,25.414203643798828,27.936931384019232,9.002681732177734,13.68641660412348
0.0,-0.7407553131505953,24.971128463745117,28.062690397012027,8.170858383178711,13.804058509639649
0.0,-0.7365843964131455,25.72406959533691,28.14275024396501,9.111983299255373,13.857303287627225
0.0,-0.7461673529802182,27.990385055541992,28.19849547302382,9.49356746673584,13.882377366084569
0.0,-0.7562539248517322,28.961681365966797,28.228501453487702,10.955790519714355,13.894804235921406
0.0,-0.7699019659545954,30.64177703857422,28.27807481717898,11.74893569946289,13.923159639930674
0.0,-0.7860863305109902,30.277803421020508,28.3526350935252,11.313852310180664,13.977210941013187
0.0,-0.8140592079875084,27.872852325439453,28.509830343580205,11.901853561401367,14.091196766873669
0.0,-0.835548784884705,28.66375160217285,28.68887274399546,10.087350845336914,14.226996726222348
0.0,-0.834617859624978,30.39378547668457,28.841201848366648,11.326562881469728,14.35850275186235
0.0,-0.8427642850535557,30.25910758972168,29.068927186319883,14.806089401245115,14.532423696405878
0.0,-0.8531975486201562,30.224361419677734,29.382564583322065,13.578593254089355,14.777011624378755
0.0,-0.8367593858372144,30.325515747070312,29.755827288654718,15.525259017944336,15.099271646167404
0.0,-0.8085519523526328,29.739561080932617,30.148422751713426,16.652719497680664,15.434746055925352
0.0,-0.7565697626447685,29.13799285888672,30.519959201518276,15.097234725952148,15.77328501588202
0.118293322622776,-0.7014693382554462,28.55807876586914,30.900834001998863,13.73723030090332,16.13005389218555
0.0,-0.6526126820015676,27.03594398498535,31.248438650667573,12.424513816833496,16.449776454531555
0.0,-0.605030988603402,27.739606857299805,31.495664692175744,12.273028373718262,16.682240998162083
0.0,-0.5606829831975935,29.615489959716797,31.573450078240178,12.749302864074709,16.770336126083976
0.0,-0.5363137087756549,31.03080368041992,31.5398614239085,13.708216667175291,16.75556451900207
0.0,-0.5417775035377499,30.54279136657715,31.50814203797833,15.8528470993042,16.725625764056794
0.0,-0.5641144015729864,32.50855255126953,31.51961464961771,17.501039505004883,16.724358073669357
0.0,-0.5656066687926051,29.03046417236328,31.603354920408936,18.64141845703125,16.803123249779848
0.0,-0.5640072423217779,29.4681453704834,31.839197789263117,17.91927719116211,17.009946832556775
0.0,-0.49560878614855586,28.8244571685791,32.0222355199371,17.092430114746094,17.21882859337899
0.0,-0.43321290685496194,28.61139488220215,32.21281675016477,15.910035133361816,17.441101131978453
0.0,-0.3981933962649027,31.15865707397461,32.38524672109311,15.134361267089844,17.639049100328094
0.0,-0.36234248913141087,26.154016494750977,32.500284499426684,14.73235034942627,17.783255489093015
0.0,-0.3906550912928761,28.000991821289062,32.63456030623928,10.64524269104004,17.89617436448218
0.0,-0.3406442336923874,32.16672897338867,32.60124556279602,12.269207000732422,17.900727240804546
0.0,-0.3254753938045676,33.57918167114258,32.4326625850279,13.6299467086792,17.741989182608936
0.0,-0.3870544740997852,33.873321533203125,32.40741545862723,14.614001274108888,17.667123884188353
0.0,-0.4846546556333555,35.223995208740234,32.55904263637937,16.96932029724121,17.735071970173948
0.0,-0.5820186223469239,36.25489044189453,32.80845830279782,18.603946685791016,17.897575386559467
0.0,-0.6803456952718205,36.383419036865234,33.17660713116119,19.207399368286133,18.17930524720731
0.0,-0.7596631151471529,35.38819122314453,33.635312133094885,18.41139030456543,18.55733622222971
0.0,-0.7833167780989454,36.17966842651367,34.11432803176565,20.77863311767578,18.977421912726275
0.0,-0.6800398103504133,34.88334274291992,34.58165830185686,19.39633560180664,19.4214646947061
0.0,-0.5851278994439149,32.19352340698242,35.077767339571736,18.077436447143555,19.895658849648864
0.0,-0.4667557430576208,31.068389892578125,35.4734796777509,17.737695693969727,20.270780951840923
0.0,-0.33958491638864263,31.53106689453125,35.73776542257097,16.1904239654541,20.54964024653591
0.0,-0.22747178920762323,32.91695022583008,35.88711356839278,15.72870635986328,20.737730764008326
0.0,-0.17023647385381757,34.66964340209961,35.93702474166145,16.841245651245117,20.820768047815903
0.0,-0.1624019050696246,34.753456115722656,35.964444855019615,19.03693962097168,20.85076166474269
0.0,-0.16045943628997428,34.570011138916016,36.05584804582896,19.036470413208008,20.94081474922808
0.0,-0.13982116167947023,35.453372955322266,36.16413941400467,17.520910263061523,21.060466392406667
0.0,-0.11042071064892323,36.5616340637207,36.272638940390834,17.672964096069336,21.18679178405763
0.0,-0.10944864685312883,38.00909423828125,36.368743335795855,19.431133270263672,21.28207469921592
0.0,-0.1357796322732021,38.35309219360352,36.45218460291685,20.382984161376953,21.34422411591401
0.0,-0.16688169258997032,38.09589767456055,36.58499158696391,20.60015296936035,21.447576654178796
0.0,-0.18414627548053097,35.568607330322266,36.75857251944237,21.895523071289062,21.597898075214648
0.0,-0.17876542131534734,31.316131591796875,36.94646266669215,17.39841651916504,21.776105158462713
0.0,-0.12715414195686758,31.688566207885746,37.08044239466195,14.950235366821287,21.932228660912838
0.0,-0.05970485797469305,34.28346633911133,37.09213914717536,15.114229202270508,21.994340627299422
0.0,-0.032423373314022896,35.68315124511719,37.015932272896606,15.0279541015625,21.938441501926178
0.0,-0.06058203772762116,36.4153938293457,36.9252704219547,17.8048038482666,21.82823172454699
0.0,-0.10899147828295686,37.80854034423828,36.90589227346408,18.392202377319336,21.785258868942435
0.0,-0.13150951858184712,38.309810638427734,36.96982139344301,21.06755828857422,21.835271801094837
0.0,-0.15253330108679197,38.26678085327149,37.081410560490895,19.920381546020508,21.930972291840934
0.0,-0.1496532717996626,38.65666961669922,37.23238152204183,20.94005584716797,22.072238701997094
0.0,-0.1584177705564187,41.88878631591797,37.40472168838135,21.878604888916016,22.234814426325766
0.0,-0.14146205844875315,43.05434799194336,37.61718064180686,24.630035400390625,22.45340564430376
0.0,-0.13380995897776415,43.32649993896485,37.87237749336433,26.13139915466309,22.70235179620993
0.0,-0.09700059030637131,42.8266716003418,38.1384323272506,26.53375244140625,22.978125234361546
0.0,-0.03299898105658361,41.510276794433594,38.40093619687361,25.485782623291016,23.30426746516405
0.0,0.056835638269423505,39.32352066040039,38.649465336908676,24.729877471923828,23.654018907550803
13.185161590576172,0.15517100525401162,37.76467514038086,38.84275941450637,22.11859130859375,23.953748100899258
0.7200421690940857,0.3096535069609354,39.47637176513672,39.020328085478354,23.668432235717773,24.289562521313943
0.0,0.5174707936301441,40.703857421875,39.11726894956443,24.447282791137695,24.594757571564802
0.0,0.7149062399028367,41.13446044921875,39.18938119329564,25.636512756347656,24.911213952938347
0.0,0.8347673458848734,42.363651275634766,39.2391054333311,25.91288375854492,25.128653588971513
0.0,0.9222487745953285,43.36592102050781,39.26031711298746,27.132184982299805,25.25931805111702
0.0,0.9817417329970457,43.337528228759766,39.28684833452803,26.977886199951172,25.369367177172805
0.0,1.0162961127196284,40.31666946411133,39.312227269955244,25.93672752380371,25.445345750660735
0.0,1.0720122881004164,39.96394729614258,39.32695228970222,26.685585021972656,25.533180154253706
0.0,1.1389025524594123,39.54477310180664,39.29813439651812,23.45358085632324,25.57808650495639
0.0,1.2227694299564953,40.28863906860352,39.25584810452825,20.871366500854492,25.626697041626013
0.0,1.2451879415390925,41.0259895324707,39.24214648669553,20.464616775512695,25.646470814221242
0.0,1.194168194517781,41.948707580566406,39.27129835361777,22.117359161376953,25.629350312558724
0.0,1.1077414384376434,42.34317779541016,39.31476301542798,23.828433990478516,25.578060967038063
0.0,1.0239986400735392,41.06502914428711,39.355465361526555,26.525352478027344,25.52113843185948
0.0,0.96035201657853,42.3488883972168,39.385491799799816,24.59176254272461,25.47310814045035
0.0,0.967722118020022,43.087791442871094,39.37613695501526,24.79549789428711,25.454835165985386
0.0,0.9475838093276963,42.99529266357422,39.39300799896628,25.703235626220703,25.457659778532893
0.0,0.9275390576286857,43.42560577392578,39.41504463978592,26.409603118896484,25.463200912903837
0.0,0.9196431128027793,43.02547836303711,39.428309483388354,27.790864944458008,25.468435889207452
0.0,0.9311877803679849,38.100223541259766,39.43720249312614,23.718000411987305,25.492852514744254
1.2000703811645508,0.9738295318141446,40.53505325317383,39.424630146371236,25.815893173217773,25.52667926927789
8.094804763793945,1.0491867040681813,36.6426887512207,39.36639494618818,22.892194747924805,25.54158034766664
8.974593162536621,1.1103268627245466,32.38309097290039,39.33161564735055,21.118682861328125,25.575676735105358
0.120007038116455,1.224166149608473,33.563621520996094,39.22244970782381,22.05233383178711,25.571011313770846
0.0,1.4270335414540463,35.96318435668945,39.023709249923755,23.020034790039062,25.56459743588885
0.0,1.6078372415906075,37.14339828491211,38.861743238721175,25.617965698242188,25.60480184009477
0.0,1.7493818395854182,35.755558013916016,38.73276851381635,22.82828712463379,25.647884605257687
0.120007038116455,1.8998500164018597,38.25284957885742,38.587077201421344,25.455551147460938,25.696459210670138
0.0,2.0126321424375613,40.47331237792969,38.452647401645166,26.74833297729492,25.711703566193552
0.780045747756958,2.0833249014025292,40.50423812866211,38.37125754135982,25.92591667175293,25.730714764669564
0.0,2.1313020555667657,41.19240951538086,38.328796846544975,25.725187301635746,25.771820716782784
0.0,2.1324645509730673,42.25355911254883,38.327605690593785,25.72705078125,25.791723069827242
0.0,2.065894934961728,43.05096054077149,38.39939981538912,27.36779403686523,25.80210542143557
0.0,1.9427935057395809,43.732635498046875,38.528301915070635,28.555994033813477,25.795600973029288
0.0,1.825082551791859,43.10187530517578,38.661602443769,29.150840759277344,25.789894139141783
0.0,1.7371544050264425,43.34554672241211,38.78118601127762,29.322858810424805,25.807229040537194
0.0,1.6962076276187519,43.842254638671875,38.85339594104862,29.92054557800293,25.827637400707488
0.0,1.6718778329209427,44.04994201660156,38.91549664431415,29.914579391479492,25.863561827974046
0.0,1.6578751378256888,44.8144416809082,38.970448877536846,29.799205780029297,25.905876079966976
0.0,1.6566177583765214,44.044734954833984,39.00622805180796,28.725513458251953,25.947431915176228
0.0,1.6449904819767927,44.62745666503906,39.04591108755414,28.6969051361084,25.98493405128056
0.0,1.6236088937367743,44.54448318481445,39.08385111794109,30.41944122314453,26.00188647780621
0.0,1.599566405266664,39.53001403808594,39.1252029994875,25.568429946899418,26.021998182390405
0.0,1.6056738190607862,40.15892028808594,39.13677035635657,27.540836334228516,26.036760880896153
0.0,1.6396769755763003,42.07976150512695,39.097968029304226,28.89326286315918,26.027383416678568
0.0,1.694769105905931,42.64059066772461,39.048912248190284,30.54921531677246,26.037256791635674
0.0,1.7384587288534616,41.51230239868164,39.0139084248947,28.3216609954834,26.06025517184795
0.0,1.8043163827809185,39.74941635131836,38.95905592349274,27.990001678466797,26.08525115178763
0.0,1.8465726263326365,41.25922775268555,38.91499900810097,27.270769119262695,26.09696295991143
0.0,1.9159882659863725,39.488956451416016,38.84008199870367,27.789825439453125,26.098030207335288
2.4909210205078125,1.9449086568419998,38.64509201049805,38.804752384793694,25.652986526489254,26.105025518287935
0.0,2.0263624606125603,34.528892517089844,38.713103955994406,23.628774642944336,26.104654921519717
0.0,2.1094487012115186,34.05755615234375,38.60756774329703,22.718608856201172,26.10077939393798
0.0,2.2431441328770805,37.74041748046875,38.43862715343135,23.323572158813477,26.080059827507196
0.236586645245552,2.3861347172384337,40.93864059448242,38.25012071467397,26.81790542602539,26.058875827305986
0.0,2.437202072162372,43.03266525268555,38.162652327776385,28.3721923828125,26.047383170155697
0.0,2.4498860117667443,44.46620559692383,38.13493608762744,29.040239334106445,26.045727956705342
0.0,2.4089262956259354,44.54974365234375,38.17591717137882,29.20770835876465,26.04867996189192
0.0,2.3365334203054906,44.27923202514648,38.26346432084252,28.866161346435547,26.06135656881375
0.0,2.251406675141333,44.549190521240234,38.36611240230057,29.613176345825195,26.06682257419242
0.0,2.1673652906283496,44.990577697753906,38.467490053796084,29.1798095703125,26.072481895673747
0.0,2.092087077822572,45.86567687988281,38.56476693740124,30.7096004486084,26.08243693257898
0.0,2.0141978950260433,42.62848663330078,38.663964297862,30.21860694885254,26.09568576704276
0.0,1.951922445479163,38.8863525390625,38.75312403415013,28.695072174072266,26.11144889865117
5.2277045249938965,1.9718809389573861,37.545928955078125,38.750157651789934,26.181541442871097,26.11785327405193
0.2383003681898117,2.058742635527724,35.343910217285156,38.666938863345955,26.526344299316406,26.120001725668963
0.972366988658905,2.1804491697910255,37.15777969360352,38.53283331984846,26.18796157836914,26.12382291093613
0.4800281524658203,2.3457628840485287,39.04542922973633,38.35489998842426,27.486448287963867,26.134310680695673
0.4800281524658203,2.4761199566884313,36.73395538330078,38.21126877743388,27.048986434936523,26.155231877900192
13.782100677490234,2.5818698812744554,35.442344665527344,38.09654649687935,27.082109451293945,26.17756716309369
18.257953643798828,2.729032045898033,38.747581481933594,37.919697940797555,26.48123550415039,26.171092706893816
0.0,2.9818353999850853,36.390323638916016,37.596580650650985,27.28013610839844,26.145960128786363
0.0,3.1883633750753164,38.16143798828125,37.32398392077001,27.492225646972656,26.14600823509762
1.9571415185928345,3.423106414185045,36.79280090332031,37.08139419424339,27.93516731262207,26.144226222913268
2.4772891998291016,3.5643632912491725,36.43817901611328,36.934001814998375,27.18416404724121,26.14201808383597
14.339957237243652,3.7519649271194364,35.7332649230957,36.7350552446688,25.886747360229492,26.117667381762743
7.460452079772949,3.943028544975055,36.15445327758789,36.52159257997055,26.71857261657715,26.086684838644164
0.0,4.237013346521182,37.216793060302734,36.19916420655487,27.18470573425293,26.030457469358527
0.0,4.55393205251911,36.01851272583008,35.91280601974874,25.089336395263672,25.95291959809022
0.0,4.634934493561282,35.20822525024414,35.82608741156496,26.850988388061523,25.91782396535899
1.2148021459579468,4.664744318643031,34.94853210449219,35.76695232349178,26.46446990966797,25.87416808179651
6.70814847946167,4.749870814985398,35.08140563964844,35.666702153015756,26.143577575683594,25.824990365778085
26.682504653930664,4.887968899416178,36.43398666381836,35.51195698135671,26.33466529846191,25.760080698167812
0.0,5.124511168894692,35.517738342285156,35.274481451452644,26.986234664916992,25.676166958942453
0.0,5.401749154594048,35.77519607543945,34.99220868917984,26.292102813720703,25.57429768751593
0.0,5.537674693029348,35.08662414550781,34.868484461052574,25.09686279296875,25.536611440837646
0.0,5.601362372119828,36.22254943847656,34.80387537463435,25.966968536376953,25.49762483899267
0.0,5.603481255549108,35.26677703857422,34.77144054075174,26.1968936920166,25.461445032542883
0.0,5.5604505127034365,32.75385665893555,34.776147371245,25.394472122192383,25.439895483766612
0.0,5.541125353623224,32.46063995361328,34.7760450821981,25.94341468811035,25.428983368829357
37.12779235839844,5.705644414021725,33.1142692565918,34.64546032769502,23.800331115722656,25.38261126039597
0.0,5.812635710521713,34.392601013183594,34.53803176762994,26.256601333618164,25.329343617062918
18.87755584716797,6.116617476991966,31.990943908691406,34.261420959825855,24.953882217407227,25.19511691226393
19.306678771972656,6.322669455996526,32.31086730957031,34.0894921233162,24.582660675048828,25.128123825642586
1.0687777996063232,6.666837268719605,33.13896179199219,33.81464925382653,24.77326774597168,25.02191667153167
6.336126327514648,7.059930744273192,32.51536560058594,33.507803721677426,26.196348190307617,24.912291593701056
5.729397296905518,7.3372364924402245,32.517642974853516,33.29164343908971,25.55065155029297,24.837989911198804
85.44395446777344,7.6187206219984285,30.482484817504883,33.084580552541624,24.713722229003903,24.774296561186784
79.6569595336914,7.975770602352496,31.64472007751465,32.84153493651909,24.25308609008789,24.712957153948526
2.31091046333313,8.37125525531502,32.99259948730469,32.43463864958744,25.643386840820312,24.425793061843645
0.0,8.790761163954848,33.76197052001953,31.891395186660734,26.809907913208008,23.99990610655229
0.0,9.057868370444535,33.58448028564453,31.512525635083378,26.250083923339844,23.717244408838205
0.0,9.17172789483411,35.30906295776367,31.31741100424277,26.435148239135746,23.5648722706896
0.0,9.228198829646784,35.91778564453125,31.217182058743987,26.724842071533203,23.490744305422453
0.0,9.216059643882922,34.05027770996094,31.237739536014747,26.127534866333008,23.50541108825822
1.2000703811645508,9.297209055662819,33.96316909790039,31.232488527791958,25.62802505493164,23.558010291426804
0.0,9.315049909820718,33.87419509887695,31.285419593378492,26.60828971862793,23.63572173145394
0.0,9.153514471514889,34.076812744140625,31.493462728649185,26.25392723083496,23.75872585743653
0.0,8.898766409252069,31.361780166625977,31.825068059803783,25.702863693237305,23.976275811337796
0.0,8.533738870524735,29.18210792541504,32.20589191354638,24.89116477966309,24.226869901357126
0.7886222004890442,8.231609167583498,29.911394119262695,32.47874175487696,24.498451232910156,24.39222703163893
0.0,8.031354736303001,33.10222244262695,32.60464405244873,25.057477951049805,24.441867993617624
0.0,7.91410824969798,34.183780670166016,32.65595211051418,25.606895446777344,24.4470150719698
0.0,7.716721904258659,33.58031463623047,32.77485321828798,26.1013240814209,24.487303810696694
0.0,7.43982737557111,33.915321350097656,32.96286150938694,25.687808990478516,24.549253455401846
0.0,7.265567854412004,34.399131774902344,33.07574239530525,25.349180221557617,24.569527593024674
0.0,7.11424837530887,34.98476028442383,33.17061433555639,25.221920013427734,24.584979518372595
0.0,6.937260274392592,35.18878936767578,33.28572614558766,25.68397331237793,24.60781308992593
0.0,6.727563553797386,33.91148376464844,33.426651299842206,25.693893432617188,24.64031959347279
0.0,6.487416520095934,34.41123962402344,33.606271249788534,25.853729248046875,24.69676433201671
0.0,6.33225639371225,35.52846908569336,33.72952379754827,26.050689697265625,24.741962884017408
0.0,6.231703692809849,34.361873626708984,33.81093795148226,26.27957344055176,24.773118550466013
0.0,6.101945948923223,34.89555358886719,33.91881249179184,26.117372512817383,24.81538113271722
0.0,6.026897481570889,32.43770217895508,33.99098866617736,27.249679565429688,24.85062850819569
0.0,5.938996041677678,35.635746002197266,34.07616104755589,25.90752410888672,24.892788938773606
0.0,5.987765942067188,35.84236145019531,34.07194021789673,27.316652297973633,24.915172627230902
5.5521135330200195,5.937893927025928,36.74208068847656,34.13041106647159,27.508161544799805,24.949714443477575
0.0,5.8932086851530805,36.365718841552734,34.188277642501866,27.47425651550293,24.983520708286044
0.0,5.875470511454159,35.67478561401367,34.230821447167315,27.071060180664062,25.01566463278323
6.630110263824463,5.817909737198075,36.03031921386719,34.303748806741034,26.710474014282227,25.060977808463843
0.0,5.767028666854799,34.373504638671875,34.36347704342496,26.53435516357422,25.095935655217144
0.0,5.779177141965515,33.71696472167969,34.37170479077394,25.42645835876465,25.110169481251578
1.4195199012756348,5.818460794523951,31.038307189941406,34.3549829609701,25.27453231811523,25.115885223715246
14.77761173248291,5.864484863512132,29.94658851623535,34.31596390899963,24.431455612182617,25.101724448005314
54.63115692138672,6.060449441239209,30.90994453430176,34.16144965486396,24.084827423095703,25.047742930769378
0.5461869835853577,6.41973068953137,32.453575134277344,33.8737485407333,24.833070755004883,24.939280719080063
1.6575275659561155,7.028828683956423,33.65889358520508,33.392824056308626,24.735803604125977,24.756245113315643
0.0,7.500054524136682,34.675899505615234,33.03105953487708,25.404685974121097,24.641172738116293
1.7758208513259888,7.787224065731927,33.72837829589844,32.79306878782989,26.547273635864254,24.53170831160908
7.077444553375244,7.868713865721546,32.60175323486328,32.70233562224309,25.60894203186035,24.464649895429233
18.64718437194824,7.989924249334127,31.17646217346191,32.60678413110191,23.89473342895508,24.40835660268002
16.713520050048828,8.145339335112716,29.87786293029785,32.48586855242799,23.363561630249023,24.349655915700083
3.4016783237457275,8.361882304339328,32.13768768310547,32.28009699717074,24.28916358947754,24.235601790755716
2.1507716178894043,8.513538854028308,32.6806526184082,32.051455393092866,25.188692092895508,24.039307848046278
22.731548309326172,8.556568767468008,31.5561580657959,31.90678924070512,24.985050201416016,23.892580629180873
2.1566991806030273,8.526022077388156,32.86048126220703,31.851679322523562,24.80961036682129,23.81064889967464
4.086623191833496,8.582430309109565,31.58740997314453,31.742975633592845,25.04305076599121,23.71740060587353
32.32406997680664,8.59011691186887,32.17781066894531,31.681417573721134,24.49702835083008,23.656224374055252
4.724887371063232,8.612859555304194,31.51811408996582,31.636428165805526,23.85819435119629,23.62551933308403
0.0,8.669493385449204,32.86005401611328,31.561639081647513,24.128684997558594,23.572814117859153
0.0,8.661843608314928,33.0014762878418,31.536468496222717,24.109107971191406,23.538562572718998
0.0,8.598075559786041,32.95272445678711,31.531341002024064,23.525957107543945,23.494092296819304
0.0,8.539914295608323,33.96772003173828,31.549038157890134,23.6960506439209,23.4789848364162
0.0,8.401673553350857,34.84983825683594,31.617190664754403,24.0172176361084,23.474083783242282
0.0,8.187823167662359,35.44566345214844,31.76398005006792,24.97586250305176,23.519288571246292
0.0,7.9994839825340645,34.8076286315918,31.961510684265733,24.820945739746097,23.635229087192346
0.0,7.677890443834581,34.54338073730469,32.283604021096146,24.4158878326416,23.821075645687493
0.0,7.23987053515233,35.32319641113281,32.63905172239283,24.59615707397461,24.010072276712492
0.0,6.786093074225387,35.9953727722168,32.94918188369931,25.38400077819824,24.133193253519032
0.0,6.3357360835150445,36.10480880737305,33.254932475531966,25.390913009643555,24.2547273159591
0.0,5.898956468518998,36.03434371948242,33.58495203877162,25.410400390625,24.363348100304048
0.0,5.567101270347921,36.66983413696289,33.8569473090568,24.574790954589844,24.465585592878476
0.0,5.2773001065532945,36.85049057006836,34.10875519662905,24.4656982421875,24.57142690146179
0.0,4.982669643562941,36.531593322753906,34.383102219963845,23.85208511352539,24.665247274328586
0.0,4.718731846103005,35.729583740234375,34.63034763246028,23.778156280517575,24.74336479695231
0.0,4.4852322938924605,35.959991455078125,34.84093290626914,23.41506004333496,24.804282531585702
0.0,4.306080474970486,37.02146530151367,35.00775150985682,24.11460876464844,24.85623883250814
0.0,4.172586490463458,37.38304901123047,35.14178417240839,24.17149543762207,24.877576060219283
0.0,4.0370437850883505,37.204200744628906,35.28488552613581,25.762720108032227,24.900367761464672
0.0,3.889349680946485,36.223114013671875,35.44581100200876,26.735580444335938,24.928239132835962
4.818976402282715,3.817538799794563,32.54322814941406,35.5577211009413,24.953771591186523,24.968390679490007
3.961475372314453,3.85868139995156,32.94623947143555,35.584907228104676,23.501617431640625,25.025469411703913
0.0,4.076505718459845,34.48115158081055,35.39439080957565,24.190570831298828,25.029132618220526
0.0,4.301950841915149,34.03971481323242,35.14695616234245,24.518146514892575,24.991889424729884
31.229429244995117,4.438924293322117,35.14162826538086,34.97500597299424,23.58785629272461,24.91890056940094
0.0,4.54042890863905,34.12269973754883,34.82679604854185,23.64001083374023,24.835107095953727
0.0,4.734708195642347,27.844621658325195,34.58873747107043,21.552040100097656,24.72945524309006
1.025208830833435,4.87692797156631,28.59688186645508,34.39314419142097,20.158517837524418,24.62558866888868
0.0,5.201091217309582,29.049806594848633,34.03023058040877,19.675195693969727,24.467736420115816
0.0,5.534343466895023,30.380239486694336,33.6519520037999,18.794269561767575,24.26336328968771
0.0,5.787705260021076,31.585922241210938,33.29237244034086,17.83159637451172,24.02678120215646
0.0,5.938909451694503,32.385353088378906,32.92520079202869,19.28911590576172,23.67573281955721
0.0,6.024044988561934,33.113216400146484,32.48318648567019,18.529556274414062,23.212524275305014
0.0,5.712433101878872,33.49325942993164,32.15879073427263,18.204517364501953,22.682621972590418
0.0,5.0647030362247145,33.961029052734375,31.910906310912328,17.363048553466797,22.084138703792256
0.0,4.2705716096748665,33.58943557739258,31.77982190638045,18.30160903930664,21.373862485314408
0.0,3.4577553461881063,33.78502655029297,31.802407455798036,17.769201278686523,20.66634289117237
0.0,2.770805409294537,34.18642807006836,31.907201050014887,17.560333251953125,20.133850939606464
0.0,2.2214407351210483,34.223487854003906,32.00550817611432,18.151033401489254,19.734642423100567
0.0,1.7185888159327392,34.05173873901367,32.170256641184636,18.408687591552734,19.456208290202774
0.0,1.3132198002739686,33.64223098754883,32.442851565024625,18.735742568969727,19.35764840634308
0.0,1.0317870938858493,33.867733001708984,32.67019566850352,20.73347282409668,19.32386426449874
0.0,0.8403300058384859,33.665931701660156,32.97973261726861,19.21570205688477,19.436950324167157
0.0,0.8331848392958161,34.127098083496094,33.32683598567684,17.537370681762695,19.689901623438175
0.0,0.864783879669274,33.74441146850586,33.60145075059191,17.08045768737793,19.918076984600646
0.0,0.8547965047516648,34.14271926879883,33.773721104656914,17.1812744140625,20.048660230226837
0.0,0.8057228758962678,33.592742919921875,33.858587258201275,18.276037216186523,20.085507882936017
0.0,0.7359539092996923,30.37327766418457,33.88610659193494,18.916824340820312,20.062358650834113
0.0,0.7245701464924936,27.344970703125,33.91584457509594,18.45673561096191,20.077247851121317
0.0,0.8306687533479304,29.77825164794922,33.849650519895945,18.20550537109375,20.08752537848351
0.0,1.0682680177934758,29.78341484069824,33.60364689642892,19.51942443847656,20.044031779483387
0.0,1.249534360579605,31.280012130737305,33.280586760287306,19.99255752563477,19.915128542844528
0.0,1.5268432604893203,32.46493911743164,32.925569480112124,17.836084365844727,19.861525343142816
0.0,1.7524168019075774,33.624568939208984,32.60325768424459,17.043235778808594,19.778322211342413
0.0,1.751428149992401,34.22614288330078,32.24345947145484,15.97398281097412,19.496299258538937
0.0,1.6179876777217426,31.84113121032715,31.921568153993686,18.736114501953125,19.09179704336491
0.0,1.3762400563811075,30.66932678222656,31.6898776450679,16.750242233276367,18.63923038723981
0.0,1.1475247251518699,29.736438751220703,31.550610468402347,13.480557441711426,18.311633534426797
0.0,0.9933945551006231,30.273780822753903,31.363448747027828,11.666202545166016,18.007851681307308
0.0,0.8579512332957635,30.606111526489254,31.021480992011348,11.72504711151123,17.58690007720808
0.0,0.6690633131783086,30.283641815185547,30.63971077878643,11.536892890930176,17.088135326837232
0.0,0.440154564477075,30.13435173034668,30.328750286141712,12.109060287475586,16.628212265472506
0.0,0.21489188441603968,30.29804229736328,30.043250815884342,11.898442268371582,16.196020710833373
0.0,0.01808811372941932,30.180469512939453,29.837250904325543,12.014204978942873,15.854912517512425
0.0,-0.14044321615630118,29.578763961791992,29.71161233668548,12.154545783996582,15.61035428479341
0.0,-0.25385652013449356,30.04911994934082,29.562286694453988,10.697765350341797,15.38778657537054
0.0,-0.3397070049472948,29.954818725585938,29.424229469352,10.522403717041016,15.19884992875835
0.0,-0.40756800605253485,29.590925216674805,29.2462917906433,9.57335090637207,14.990470611631505
0.0,-0.4525894891052591,29.89851188659668,29.036424585943703,10.281973838806152,14.777426170122691
0.0,-0.4859943121546584,29.41071319580078,28.7754663038194,10.585664749145508,14.531396240622199
0.0,-0.5056927039209693,29.6456241607666,28.504012142592337,10.08156394958496,14.29008726258094
0.0,-0.5378318534615101,29.65612030029297,28.329760961134042,11.309164047241213,14.11893094617211
0.0,-0.5742095992665792,29.633974075317383,28.205680255678317,11.456792831420898,13.986578605796996
0.0,-0.5854516995342545,28.940832138061523,28.12044714017819,11.135157585144045,13.914943557091693
0.0,-0.5848591719099243,28.222272872924805,28.013770916053083,10.71338176727295,13.84163250825833
0.0,-0.580030370357778,27.9028263092041,27.881864587064012,11.141684532165527,13.754870103329836
0.0,-0.5724651926323521,26.936494827270508,27.74234488431392,11.01895809173584,13.664065580445431
0.0,-0.5603402726511586,26.131092071533203,27.599297743781364,10.01901626586914,13.575187685631693
0.0,-0.5393224618691903,26.12252616882324,27.41067929851763,12.653879165649414,13.46197512418182
0.0,-0.5182100988067448,26.068378448486328,27.174746031718247,12.879874229431152,13.311291903596707
0.0,-0.475582944905641,26.402511596679688,26.96788024337741,12.597847938537598,13.20650507347809
0.0,-0.41316550105684957,26.68749237060547,26.730200391102155,11.14956760406494,13.093552048546982
0.0,-0.3521248711167777,27.059301376342773,26.504486822978894,11.045276641845703,12.98320389128479
0.0,-0.32547406675501733,26.548980712890625,26.286665366269467,10.68061637878418,12.840070392041959
0.0,-0.3196005454441826,25.589275360107425,26.090285228126703,9.551823616027832,12.692515269498838
0.0,-0.3239346892763528,25.355554580688477,25.92708561101847,8.304028511047363,12.561172567755085
0.0,-0.32953052546872996,26.122859954833984,25.758849792685943,8.286652565002441,12.423660380068632
0.0,-0.3470605182694051,25.82802391052246,25.59658663180211,8.045040130615234,12.27863529315469
0.0,-0.37180402066460516,28.278797149658203,25.464872606221217,9.357083320617676,12.151511099174797
0.0,-0.4112482462186602,28.487619400024418,25.365712069817338,10.012725830078123,12.047142972135656
0.0,-0.44464013053494167,29.13247299194336,25.323347015261348,9.034272193908691,11.984237140256097
0.0,-0.46877518071120416,29.401920318603516,25.31003767592351,9.374101638793944,11.950691005871471
0.0,-0.49486829249933706,29.17635726928711,25.32110074779135,9.161081314086914,11.929517102056575
0.0,-0.5301515541875714,29.117950439453125,25.366910386001813,9.728675842285156,11.935745978507002
0.0,-0.5657586159661463,28.809385299682617,25.423246590029105,10.269536972045898,11.949855381427751
0.0,-0.5938306903965698,27.936071395874023,25.50135706347073,10.791963577270508,11.98701839773296
0.0,-0.6110733769695464,27.670948028564453,25.59546349806711,10.027830123901367,12.04522228311576
0.0,-0.6113533844247172,26.882478713989254,25.678846460431373,9.550460815429688,12.110557186761362
0.0,-0.6098564725316713,28.635059356689453,25.74730698518813,8.584919929504395,12.162907543702568
0.0,-0.6092158393611324,28.557353973388672,25.80512996051216,9.197393417358398,12.207559703032176
0.0,-0.6263321244644171,28.984561920166016,25.898857925635,9.523774147033691,12.25832195779676
0.0,-0.6462289101385386,29.920276641845703,26.016372697169995,9.431528091430664,12.329058428120149
0.0,-0.6635814100618251,28.878170013427734,26.133145361669705,12.788082122802734,12.399382134414834
0.0,-0.6865317367518138,27.556461334228516,26.288280510320075,12.335176467895508,12.49034582385995
0.0,-0.6769474531351918,25.05603408813477,26.372578448208884,12.084983825683594,12.567943679541061
0.0,-0.648633192161788,24.489730834960938,26.41989633841594,9.141447067260742,12.629589838751729
0.0,-0.5937567073841254,25.476591110229492,26.366277954364868,7.851340293884277,12.64327163001684
0.0,-0.5490971770963204,25.86481475830078,26.214990408213772,8.949512481689453,12.566809320843472
0.0,-0.5295630077118929,25.932327270507812,26.037989441452094,9.299104690551758,12.448535500325088
0.0,-0.5171690284343207,26.24774932861328,25.8711053728744,8.260820388793945,12.335511800689785
0.0,-0.5065360439103577,26.491802215576172,25.722968840813163,8.921497344970703,12.233285889264364
0.0,-0.5081006353304831,26.628992080688477,25.602199231805702,9.27836799621582,12.137557299384296
0.0,-0.5099475565424925,24.47881126403809,25.505127949184825,11.408296585083008,12.061707900250672
