observation_date,latitude_deg,longitude_deg,imd_rainfall_mm,imd_max_temperature_C,imd_min_temperature_C,insat_lst_mean_K,insat_lst_min_K,insat_lst_max_K,insat_rainfall_daily_mm,insat_sst_mean_K
2024-01-01,22.0,79.0,,,12.769930839538574,290.24,290.24,290.24,0.0,301.87
2024-01-02,22.0,79.0,,,12.59477424621582,292.25,292.25,292.25,0.0,302.19
2024-01-03,22.0,79.0,,,12.975885391235352,293.51,293.51,293.51,0.0,302.6
2024-01-04,22.0,79.0,,,14.527961730957031,294.19,294.19,294.19,0.0,301.92
2024-01-05,22.0,79.0,,,14.010171890258787,291.62,291.62,291.62,0.0,301.28
2024-01-06,22.0,79.0,,,15.643421173095703,294.3,294.3,294.3,0.31,302.68
2024-01-07,22.0,79.0,,,14.963733673095703,292.98,292.98,292.98,1.96,302.44
2024-01-08,22.0,79.0,,,14.6392240524292,293.36,293.36,293.36,5.74,302.17
2024-01-09,22.0,79.0,,,15.925517082214355,292.51,292.51,292.51,0.0,301.75
2024-01-10,22.0,79.0,,,16.20148468017578,293.83,293.83,293.83,1.38,302.34
2024-01-11,22.0,79.0,,,14.838851928710938,292.17,292.17,292.17,0.0,301.64
2024-01-12,22.0,79.0,,,14.22279930114746,295.41,295.41,295.41,0.14,301.95
2024-01-13,22.0,79.0,,,13.43455696105957,296.03,296.03,296.03,0.0,302.36
2024-01-14,22.0,79.0,,,13.80262565612793,295.38,295.38,295.38,0.05,303.03
2024-01-15,22.0,79.0,,,11.579509735107422,294.44,294.44,294.44,0.0,302.26
2024-01-16,22.0,79.0,,,10.195713996887209,293.92,293.92,293.92,0.0,
2024-01-17,22.0,79.0,,,11.6495943069458,296.43,296.43,296.43,0.0,301.95
2024-01-18,22.0,79.0,,,13.602584838867188,292.76,292.76,292.76,0.0,301.14
2024-01-19,22.0,79.0,,,12.102195739746094,293.7,293.7,293.7,0.0,301.91
2024-01-20,22.0,79.0,,,13.07949161529541,294.25,294.25,294.25,0.15,301.8
2024-01-21,22.0,79.0,,,11.281257629394531,291.55,291.55,291.55,0.0,301.54
2024-01-22,22.0,79.0,,,10.50637435913086,295.11,295.11,295.11,0.87,301.75
2024-01-23,22.0,79.0,,,13.718711853027344,292.98,292.98,292.98,0.0,302.13
2024-01-24,22.0,79.0,,,10.277878761291504,294.03,294.03,294.03,0.0,301.76
2024-01-25,22.0,79.0,,,7.161304473876953,295.15,295.15,295.15,0.57,301.76
2024-01-26,22.0,79.0,,,8.727500915527344,294.72,294.72,294.72,0.0,300.45
2024-01-27,22.0,79.0,,,9.35142993927002,292.48,292.48,292.48,0.0,302.24
2024-01-28,22.0,79.0,,,11.003808975219728,295.24,295.24,295.24,0.0,300.8
2024-01-29,22.0,79.0,,,12.585524559020996,292.64,292.64,292.64,0.0,300.67
2024-01-30,22.0,79.0,,,12.825200080871582,296.29,296.29,296.29,0.01,302.15
2024-01-31,22.0,79.0,,,13.78026294708252,295.72,295.72,295.72,1.19,302.56
2024-02-01,22.0,79.0,,,14.446401596069336,297.51,297.51,297.51,0.0,301.47
2024-02-02,22.0,79.0,,,14.497790336608888,294.24,294.24,294.24,0.23,301.2
2024-02-03,22.0,79.0,,,12.816333770751951,294.08,294.08,294.08,0.0,302.39
2024-02-04,22.0,79.0,,,13.074824333190918,295.78,295.78,295.78,0.0,301.67
2024-02-05,22.0,79.0,,,15.234973907470703,294.67,294.67,294.67,0.0,301.04
2024-02-06,22.0,79.0,,,15.813669204711914,292.68,292.68,292.68,0.0,301.68
2024-02-07,22.0,79.0,,,14.853317260742188,295.96,295.96,295.96,0.0,301.8
2024-02-08,22.0,79.0,,,12.694570541381836,295.5,295.5,295.5,1.66,300.92
2024-02-09,22.0,79.0,,,10.725656509399414,294.34,294.34,294.34,0.0,302.22
2024-02-10,22.0,79.0,,,12.563130378723145,295.08,295.08,295.08,0.44,301.79
2024-02-11,22.0,79.0,,,15.499427795410156,295.31,295.31,295.31,2.16,301.66
2024-02-12,22.0,79.0,,,16.988584518432617,298.02,298.02,298.02,0.0,301.88
2024-02-13,22.0,79.0,,,17.2850341796875,294.19,294.19,294.19,0.6,301.89
2024-02-14,22.0,79.0,,,15.667786598205566,298.64,298.64,298.64,0.0,301.36
2024-02-15,22.0,79.0,,,15.88771629333496,295.97,295.97,295.97,0.0,301.03
2024-02-16,22.0,79.0,,,15.779584884643556,297.57,297.57,297.57,0.0,301.07
2024-02-17,22.0,79.0,,,15.691802024841309,297.47,297.47,297.47,0.0,300.97
2024-02-18,22.0,79.0,,,17.590837478637695,296.13,296.13,296.13,0.0,302.05
2024-02-19,22.0,79.0,,,18.320558547973633,295.68,295.68,295.68,0.0,302.55
2024-02-20,22.0,79.0,,,17.01353645324707,296.53,296.53,296.53,0.89,301.63
2024-02-21,22.0,79.0,,,16.524795532226562,297.55,297.55,297.55,0.17,302.42
2024-02-22,22.0,79.0,,,15.886704444885254,295.97,295.97,295.97,2.83,302.06
2024-02-23,22.0,79.0,,,14.712885856628418,298.14,298.14,298.14,0.0,301.68
2024-02-24,22.0,79.0,,,13.290233612060549,,,,0.0,301.14
2024-02-25,22.0,79.0,,,13.399514198303224,297.23,297.23,297.23,0.0,301.56
2024-02-26,22.0,79.0,,,16.465919494628906,297.1,297.1,297.1,0.48,300.91
2024-02-27,22.0,79.0,,,18.285280227661133,298.55,298.55,298.55,0.06,301.4
2024-02-28,22.0,79.0,,,16.720415115356445,298.59,298.59,298.59,0.0,301.43
2024-02-29,22.0,79.0,,,13.417596817016602,299.14,299.14,299.14,0.29,300.16
2024-03-01,22.0,79.0,,,17.38872718811035,299.1,299.1,299.1,0.0,
2024-03-02,22.0,79.0,,,18.582164764404297,298.38,298.38,298.38,0.0,301.39
2024-03-03,22.0,79.0,,,18.050689697265625,296.33,296.33,296.33,0.0,300.7
2024-03-04,22.0,79.0,,,16.098743438720703,296.37,296.37,296.37,1.21,300.65
2024-03-05,22.0,79.0,,,13.641732215881348,297.82,297.82,297.82,0.0,302.14
2024-03-06,22.0,79.0,,,14.694769859313965,297.91,297.91,297.91,4.91,300.8
2024-03-07,22.0,79.0,,,15.124078750610352,297.11,297.11,297.11,0.57,
2024-03-08,22.0,79.0,,,15.276033401489258,297.88,297.88,297.88,0.0,300.23
2024-03-09,22.0,79.0,,,15.361388206481934,299.4,299.4,299.4,0.0,301.34
2024-03-10,22.0,79.0,,,15.994223594665527,299.23,299.23,299.23,1.17,301.16
2024-03-11,22.0,79.0,,,17.439302444458008,301.58,301.58,301.58,0.0,300.44
2024-03-12,22.0,79.0,,,17.57653045654297,297.9,297.9,297.9,2.7,301.22
2024-03-13,22.0,79.0,,,18.07621383666992,297.18,297.18,297.18,0.0,300.2
2024-03-14,22.0,79.0,,,17.092927932739258,301.89,301.89,301.89,0.0,301.15
2024-03-15,22.0,79.0,,,16.387826919555664,298.38,298.38,298.38,1.42,300.83
2024-03-16,22.0,79.0,,,18.719655990600582,300.03,300.03,300.03,0.0,300.2
2024-03-17,22.0,79.0,,,18.999631881713867,299.47,299.47,299.47,0.0,301.19
2024-03-18,22.0,79.0,,,19.004148483276367,297.34,297.34,297.34,7.05,300.79
2024-03-19,22.0,79.0,,,18.31256103515625,300.14,300.14,300.14,0.34,300.34
2024-03-20,22.0,79.0,,,15.282766342163086,,,,0.0,300.29
2024-03-21,22.0,79.0,,,16.015085220336914,299.46,299.46,299.46,0.0,300.8
2024-03-22,22.0,79.0,,,17.2111873626709,300.49,300.49,300.49,2.41,300.44
2024-03-23,22.0,79.0,,,18.343326568603516,299.73,299.73,299.73,4.26,
2024-03-24,22.0,79.0,,,19.288209915161133,297.86,297.86,297.86,0.0,300.73
2024-03-25,22.0,79.0,,,20.340621948242188,300.91,300.91,300.91,0.0,301.12
2024-03-26,22.0,79.0,,,20.01669692993164,300.63,300.63,300.63,0.58,301.74
2024-03-27,22.0,79.0,,,21.56856155395508,302.43,302.43,302.43,0.0,300.15
2024-03-28,22.0,79.0,,,22.56689453125,299.25,299.25,299.25,0.0,301.59
2024-03-29,22.0,79.0,,,23.327383041381836,300.22,300.22,300.22,0.0,300.45
2024-03-30,22.0,79.0,,,23.136568069458008,302.41,302.41,302.41,0.25,300.79
2024-03-31,22.0,79.0,,,22.73507308959961,299.92,299.92,299.92,0.0,300.35
2024-04-01,22.0,79.0,,,22.018068313598633,299.72,299.72,299.72,0.36,300.42
2024-04-02,22.0,79.0,,,20.10060691833496,301.66,301.66,301.66,0.0,300.43
2024-04-03,22.0,79.0,,,21.816030502319336,301.33,301.33,301.33,0.0,300.66
2024-04-04,22.0,79.0,,,23.304611206054688,302.3,302.3,302.3,0.0,301.6
2024-04-05,22.0,79.0,,,22.27764129638672,303.55,303.55,303.55,0.0,300.7
2024-04-06,22.0,79.0,,,23.249738693237305,302.63,302.63,302.63,0.0,300.72
2024-04-07,22.0,79.0,,,23.648822784423828,299.32,299.32,299.32,0.0,301.24
2024-04-08,22.0,79.0,,,20.762393951416016,303.28,303.28,303.28,1.5,300.91
2024-04-09,22.0,79.0,,,20.629413604736328,302.16,302.16,302.16,0.0,300.47
2024-04-10,22.0,79.0,,,20.01957130432129,303.68,303.68,303.68,0.0,300.86
2024-04-11,22.0,79.0,,,19.145280838012695,302.0,302.0,302.0,1.93,300.51
2024-04-12,22.0,79.0,,,20.636186599731445,303.6,303.6,303.6,0.0,300.51
2024-04-13,22.0,79.0,,,19.683019638061523,303.26,303.26,303.26,0.0,301.3
2024-04-14,22.0,79.0,,,20.657136917114254,301.65,301.65,301.65,0.0,301.58
2024-04-15,22.0,79.0,,,22.44573211669922,304.52,304.52,304.52,0.0,300.16
2024-04-16,22.0,79.0,,,22.95224952697754,300.45,300.45,300.45,0.54,299.92
2024-04-17,22.0,79.0,,,22.2305908203125,306.79,306.79,306.79,0.0,300.06
2024-04-18,22.0,79.0,,,21.93999290466309,305.85,305.85,305.85,1.5,301.42
2024-04-19,22.0,79.0,,,22.600431442260746,305.66,305.66,305.66,1.8,300.89
2024-04-20,22.0,79.0,,,24.312755584716797,305.23,305.23,305.23,1.58,
2024-04-21,22.0,79.0,,,24.153331756591797,304.5,304.5,304.5,0.39,300.88
2024-04-22,22.0,79.0,,,23.429039001464844,304.37,304.37,304.37,0.69,300.0
2024-04-23,22.0,79.0,,,23.10072898864746,303.47,303.47,303.47,2.1,300.72
2024-04-24,22.0,79.0,,,22.001314163208008,303.61,303.61,303.61,2.07,300.2
2024-04-25,22.0,79.0,,,22.46847152709961,307.16,307.16,307.16,4.58,300.82
2024-04-26,22.0,79.0,,,23.16007423400879,305.15,305.15,305.15,0.68,300.03
2024-04-27,22.0,79.0,,,23.238431930541992,304.73,304.73,304.73,6.52,300.55
2024-04-28,22.0,79.0,,,23.62928771972656,301.92,301.92,301.92,3.28,300.66
2024-04-29,22.0,79.0,,,23.44399070739746,304.61,304.61,304.61,0.0,299.27
2024-04-30,22.0,79.0,,,25.38936996459961,305.05,305.05,305.05,0.0,300.47
2024-05-01,22.0,79.0,,,23.496477127075195,302.63,302.63,302.63,0.06,300.82
2024-05-02,22.0,79.0,,,21.600746154785156,305.71,305.71,305.71,0.0,299.88
2024-05-03,22.0,79.0,,,21.02556800842285,305.11,305.11,305.11,0.78,299.89
2024-05-04,22.0,79.0,,,21.251972198486328,304.92,304.92,304.92,0.0,299.9
2024-05-05,22.0,79.0,,,23.61739730834961,303.38,303.38,303.38,0.0,300.8
2024-05-06,22.0,79.0,,,25.400972366333008,303.32,303.32,303.32,0.0,300.5
2024-05-07,22.0,79.0,,,24.66831398010254,306.0,306.0,306.0,0.65,300.89
2024-05-08,22.0,79.0,,,22.961265563964844,308.7,308.7,308.7,0.0,300.28
2024-05-09,22.0,79.0,,,24.2528076171875,306.25,306.25,306.25,0.51,300.67
2024-05-10,22.0,79.0,,,23.11463928222656,305.91,305.91,305.91,0.0,300.58
2024-05-11,22.0,79.0,,,24.709075927734375,305.34,305.34,305.34,0.0,299.73
2024-05-12,22.0,79.0,,,24.654151916503903,307.18,307.18,307.18,2.36,299.92
2024-05-13,22.0,79.0,,,22.93408966064453,307.75,307.75,307.75,1.0,300.18
2024-05-14,22.0,79.0,,,23.617128372192383,306.66,306.66,306.66,3.36,
2024-05-15,22.0,79.0,,,22.562814712524418,306.16,306.16,306.16,2.56,299.11
2024-05-16,22.0,79.0,,,23.92881965637207,307.75,307.75,307.75,0.03,299.73
2024-05-17,22.0,79.0,,,23.943117141723633,303.6,303.6,303.6,3.14,
2024-05-18,22.0,79.0,,,24.06855010986328,305.63,305.63,305.63,0.04,300.7
2024-05-19,22.0,79.0,,,25.721893310546875,306.23,306.23,306.23,1.27,299.37
2024-05-20,22.0,79.0,,,24.7215518951416,305.19,305.19,305.19,4.83,299.27
2024-05-21,22.0,79.0,,,25.270973205566406,306.62,306.62,306.62,0.0,301.35
2024-05-22,22.0,79.0,,,26.94519805908203,306.46,306.46,306.46,1.29,300.45
2024-05-23,22.0,79.0,,,25.877954483032227,306.7,306.7,306.7,8.29,300.33
2024-05-24,22.0,79.0,,,26.726318359375,308.16,308.16,308.16,0.0,299.42
2024-05-25,22.0,79.0,,,27.14147186279297,304.89,304.89,304.89,0.43,
2024-05-26,22.0,79.0,,,27.488624572753903,307.46,307.46,307.46,1.84,300.09
2024-05-27,22.0,79.0,,,27.744796752929688,308.51,308.51,308.51,0.96,299.55
2024-05-28,22.0,79.0,,,28.163177490234375,309.15,309.15,309.15,2.22,300.59
2024-05-29,22.0,79.0,,,29.0662899017334,306.69,306.69,306.69,0.18,301.13
2024-05-30,22.0,79.0,,,27.89568519592285,,,,1.83,299.67
2024-05-31,22.0,79.0,,,29.1232967376709,305.26,305.26,305.26,0.0,
2024-06-01,22.0,79.0,,,28.40169334411621,308.39,308.39,308.39,0.26,300.22
2024-06-02,22.0,79.0,,,28.10370635986328,308.27,308.27,308.27,4.59,299.73
2024-06-03,22.0,79.0,,,26.728883743286133,308.92,308.92,308.92,5.16,299.47
2024-06-04,22.0,79.0,,,26.479154586791992,308.26,308.26,308.26,4.09,299.18
2024-06-05,22.0,79.0,,,26.552562713623047,308.84,308.84,308.84,9.18,299.85
2024-06-06,22.0,79.0,,,27.410627365112305,,,,0.79,300.32
2024-06-07,22.0,79.0,,,27.0701961517334,307.39,307.39,307.39,3.49,300.04
2024-06-08,22.0,79.0,,,27.720041275024418,307.25,307.25,307.25,2.16,299.33
2024-06-09,22.0,79.0,,,27.043798446655273,306.46,306.46,306.46,1.08,299.49
2024-06-10,22.0,79.0,,,25.995576858520508,306.3,306.3,306.3,1.39,
2024-06-11,22.0,79.0,,,26.34900665283203,305.73,305.73,305.73,1.45,299.99
2024-06-12,22.0,79.0,,,25.04767417907715,308.7,308.7,308.7,1.23,300.7
2024-06-13,22.0,79.0,,,25.92930030822754,306.29,306.29,306.29,2.49,299.85
2024-06-14,22.0,79.0,,,27.252302169799805,308.24,308.24,308.24,1.12,299.93
2024-06-15,22.0,79.0,,,25.120325088500977,305.56,305.56,305.56,5.3,300.77
2024-06-16,22.0,79.0,,,26.732778549194336,305.89,305.89,305.89,2.26,299.5
2024-06-17,22.0,79.0,,,26.762042999267575,310.01,310.01,310.01,1.44,300.19
2024-06-18,22.0,79.0,,,25.94137954711914,309.53,309.53,309.53,11.17,299.93
2024-06-19,22.0,79.0,,,24.59709358215332,307.86,307.86,307.86,3.06,
2024-06-20,22.0,79.0,,,25.34696388244629,303.86,303.86,303.86,2.02,300.28
2024-06-21,22.0,79.0,,,23.800212860107425,307.56,307.56,307.56,2.11,299.66
2024-06-22,22.0,79.0,,,23.59526824951172,309.23,309.23,309.23,2.11,299.44
2024-06-23,22.0,79.0,,,24.28528213500977,309.13,309.13,309.13,2.61,300.45
2024-06-24,22.0,79.0,,,24.49599266052246,307.68,307.68,307.68,2.16,300.03
2024-06-25,22.0,79.0,,,25.54920959472656,304.74,304.74,304.74,3.53,300.51
2024-06-26,22.0,79.0,,,26.00452995300293,306.78,306.78,306.78,1.41,299.56
2024-06-27,22.0,79.0,,,25.43232536315918,308.7,308.7,308.7,2.56,300.24
2024-06-28,22.0,79.0,,,24.74991798400879,306.5,306.5,306.5,5.82,301.54
2024-06-29,22.0,79.0,,,24.317394256591797,308.81,308.81,308.81,5.22,300.26
2024-06-30,22.0,79.0,,,23.228914260864254,308.13,308.13,308.13,4.43,299.82
2024-07-01,22.0,79.0,,,23.19640731811523,308.84,308.84,308.84,4.31,300.46
2024-07-02,22.0,79.0,,,23.254541397094727,308.05,308.05,308.05,8.66,300.71
2024-07-03,22.0,79.0,,,23.332866668701172,309.64,309.64,309.64,0.0,299.34
2024-07-04,22.0,79.0,,,24.29197120666504,307.64,307.64,307.64,6.37,299.93
2024-07-05,22.0,79.0,,,23.60672950744629,308.13,308.13,308.13,7.25,300.44
2024-07-06,22.0,79.0,,,23.955503463745117,305.92,305.92,305.92,1.75,299.46
2024-07-07,22.0,79.0,,,24.065927505493164,308.44,308.44,308.44,10.97,300.88
2024-07-08,22.0,79.0,,,23.78838157653809,305.9,305.9,305.9,9.7,300.3
2024-07-09,22.0,79.0,,,23.186717987060547,308.11,308.11,308.11,2.38,300.27
2024-07-10,22.0,79.0,,,24.100482940673828,308.07,308.07,308.07,2.63,299.65
2024-07-11,22.0,79.0,,,24.70108413696289,307.24,307.24,307.24,2.32,
2024-07-12,22.0,79.0,,,23.539228439331055,307.96,307.96,307.96,3.71,300.31
2024-07-13,22.0,79.0,,,23.409990310668945,306.53,306.53,306.53,1.99,300.36
2024-07-14,22.0,79.0,,,23.88064765930176,308.12,308.12,308.12,3.01,299.94
2024-07-15,22.0,79.0,,,23.57360458374023,307.13,307.13,307.13,2.73,300.74
2024-07-16,22.0,79.0,,,24.503936767578125,309.45,309.45,309.45,6.79,
2024-07-17,22.0,79.0,,,24.021215438842773,306.59,306.59,306.59,2.39,300.18
2024-07-18,22.0,79.0,,,23.55739402770996,307.06,307.06,307.06,4.88,300.27
2024-07-19,22.0,79.0,,,22.92947578430176,305.12,305.12,305.12,3.81,
2024-07-20,22.0,79.0,,,23.57875061035156,306.48,306.48,306.48,3.32,300.9
2024-07-21,22.0,79.0,,,23.380664825439453,306.88,306.88,306.88,2.14,301.54
2024-07-22,22.0,79.0,,,23.116716384887695,308.23,308.23,308.23,2.17,299.77
2024-07-23,22.0,79.0,,,23.13031768798828,308.26,308.26,308.26,3.86,299.91
2024-07-24,22.0,79.0,,,22.57865333557129,306.89,306.89,306.89,2.08,299.69
2024-07-25,22.0,79.0,,,22.638355255126953,304.88,304.88,304.88,4.47,300.47
2024-07-26,22.0,79.0,,,23.141571044921875,306.54,306.54,306.54,3.05,300.03
2024-07-27,22.0,79.0,,,23.423744201660156,309.3,309.3,309.3,3.84,299.63
2024-07-28,22.0,79.0,,,23.037059783935547,306.23,306.23,306.23,2.52,300.56
2024-07-29,22.0,79.0,,,23.059831619262695,304.3,304.3,304.3,6.79,300.76
2024-07-30,22.0,79.0,,,23.54633140563965,306.76,306.76,306.76,4.56,300.11
2024-07-31,22.0,79.0,,,23.52289581298828,306.17,306.17,306.17,2.43,300.48
2024-08-01,22.0,79.0,,,23.27444839477539,310.78,310.78,310.78,4.58,300.15
2024-08-02,22.0,79.0,,,23.10871124267578,306.45,306.45,306.45,2.63,
2024-08-03,22.0,79.0,,,22.372947692871097,306.69,306.69,306.69,2.46,300.27
2024-08-04,22.0,79.0,,,22.6158447265625,307.08,307.08,307.08,3.49,300.47
2024-08-05,22.0,79.0,,,23.164796829223633,303.77,303.77,303.77,3.81,300.32
2024-08-06,22.0,79.0,,,23.515871047973633,307.25,307.25,307.25,4.06,300.99
2024-08-07,22.0,79.0,,,23.70574951171875,304.5,304.5,304.5,2.91,300.72
2024-08-08,22.0,79.0,,,23.131683349609375,305.14,305.14,305.14,2.7,300.56
2024-08-09,22.0,79.0,,,22.76721572875977,307.09,307.09,307.09,3.35,299.92
2024-08-10,22.0,79.0,,,22.879154205322266,304.37,304.37,304.37,7.21,
2024-08-11,22.0,79.0,,,23.10997772216797,304.48,304.48,304.48,2.99,301.17
2024-08-12,22.0,79.0,,,23.223234176635746,303.68,303.68,303.68,6.91,300.75
2024-08-13,22.0,79.0,,,23.20837020874023,307.13,307.13,307.13,5.08,299.74
2024-08-14,22.0,79.0,,,24.50963973999023,305.34,305.34,305.34,4.49,299.64
2024-08-15,22.0,79.0,,,24.14839744567871,303.98,303.98,303.98,5.48,300.82
2024-08-16,22.0,79.0,,,24.03619384765625,303.97,303.97,303.97,2.59,300.09
2024-08-17,22.0,79.0,,,24.26430892944336,305.96,305.96,305.96,3.09,
2024-08-18,22.0,79.0,,,24.341320037841797,304.96,304.96,304.96,1.72,301.84
2024-08-19,22.0,79.0,,,24.054489135742188,305.68,305.68,305.68,7.6,299.7
2024-08-20,22.0,79.0,,,23.114349365234375,305.6,305.6,305.6,2.11,300.42
2024-08-21,22.0,79.0,,,24.05034446716309,304.56,304.56,304.56,1.77,300.21
2024-08-22,22.0,79.0,,,24.904373168945312,303.52,303.52,303.52,2.45,300.31
2024-08-23,22.0,79.0,,,23.24094009399414,304.2,304.2,304.2,4.06,301.13
2024-08-24,22.0,79.0,,,23.234758377075195,305.34,305.34,305.34,1.88,300.9
2024-08-25,22.0,79.0,,,22.754711151123047,302.64,302.64,302.64,3.18,301.05
2024-08-26,22.0,79.0,,,23.023635864257812,303.57,303.57,303.57,1.48,300.57
2024-08-27,22.0,79.0,,,22.813961029052734,302.9,302.9,302.9,2.14,300.48
2024-08-28,22.0,79.0,,,23.50025177001953,302.15,302.15,302.15,3.88,301.17
2024-08-29,22.0,79.0,,,23.5668888092041,304.51,304.51,304.51,2.76,301.44
2024-08-30,22.0,79.0,,,23.538658142089844,301.19,301.19,301.19,2.47,300.65
2024-08-31,22.0,79.0,,,23.68129539489746,301.19,301.19,301.19,3.61,299.5
2024-09-01,22.0,79.0,,,23.97040367126465,302.4,302.4,302.4,1.12,300.43
2024-09-02,22.0,79.0,,,23.829010009765625,301.45,301.45,301.45,1.7,300.96
2024-09-03,22.0,79.0,,,23.759262084960938,302.85,302.85,302.85,1.05,299.31
2024-09-04,22.0,79.0,,,23.935651779174805,300.81,300.81,300.81,1.63,300.47
2024-09-05,22.0,79.0,,,23.77526473999023,303.39,303.39,303.39,0.91,300.37
2024-09-06,22.0,79.0,,,23.833871841430664,300.32,300.32,300.32,1.7,
2024-09-07,22.0,79.0,,,23.70024681091309,304.82,304.82,304.82,3.41,301.07
2024-09-08,22.0,79.0,,,23.712677001953125,300.17,300.17,300.17,1.79,300.75
2024-09-09,22.0,79.0,,,24.001619338989254,297.69,297.69,297.69,5.3,301.24
2024-09-10,22.0,79.0,,,24.06663703918457,304.19,304.19,304.19,2.02,300.74
2024-09-11,22.0,79.0,,,22.885892868041992,300.92,300.92,300.92,0.48,300.01
2024-09-12,22.0,79.0,,,23.32294273376465,304.04,304.04,304.04,1.07,300.09
2024-09-13,22.0,79.0,,,22.729902267456055,301.9,301.9,301.9,1.12,301.66
2024-09-14,22.0,79.0,,,22.3140926361084,299.87,299.87,299.87,1.26,300.78
2024-09-15,22.0,79.0,,,21.660869598388672,302.33,302.33,302.33,4.65,301.18
2024-09-16,22.0,79.0,,,22.576066970825195,299.34,299.34,299.34,2.81,300.95
2024-09-17,22.0,79.0,,,22.687240600585938,299.21,299.21,299.21,1.54,300.79
2024-09-18,22.0,79.0,,,21.885927200317383,300.33,300.33,300.33,1.17,300.01
2024-09-19,22.0,79.0,,,22.11284637451172,301.72,301.72,301.72,0.18,300.39
2024-09-20,22.0,79.0,,,22.99962997436523,300.2,300.2,300.2,0.0,301.45
2024-09-21,22.0,79.0,,,23.894344329833984,298.01,298.01,298.01,1.18,300.32
2024-09-22,22.0,79.0,,,23.838470458984375,298.87,298.87,298.87,0.25,300.87
2024-09-23,22.0,79.0,,,24.068767547607425,299.33,299.33,299.33,2.29,300.34
2024-09-24,22.0,79.0,,,23.600719451904297,301.04,301.04,301.04,0.0,301.17
2024-09-25,22.0,79.0,,,23.37862777709961,299.25,299.25,299.25,2.76,301.67
2024-09-26,22.0,79.0,,,23.51375961303711,300.65,300.65,300.65,2.5,301.17
2024-09-27,22.0,79.0,,,23.37917137145996,299.22,299.22,299.22,0.0,301.47
2024-09-28,22.0,79.0,,,23.441253662109375,299.71,299.71,299.71,1.9,301.53
2024-09-29,22.0,79.0,,,23.56850242614746,298.9,298.9,298.9,0.36,301.33
2024-09-30,22.0,79.0,,,23.85655403137207,300.13,300.13,300.13,3.16,300.94
2024-10-01,22.0,79.0,,,23.86997985839844,299.77,299.77,299.77,5.31,301.26
2024-10-02,22.0,79.0,,,23.902189254760746,299.29,299.29,299.29,0.0,300.44
2024-10-03,22.0,79.0,,,23.901073455810547,298.42,298.42,298.42,0.0,301.64
2024-10-04,22.0,79.0,,,23.81319236755371,299.32,299.32,299.32,0.48,300.57
2024-10-05,22.0,79.0,,,23.34415626525879,298.34,298.34,298.34,2.45,301.01
2024-10-06,22.0,79.0,,,22.23639678955078,301.92,301.92,301.92,2.28,301.38
2024-10-07,22.0,79.0,,,21.34435272216797,300.22,300.22,300.22,4.25,
2024-10-08,22.0,79.0,,,22.751249313354492,298.9,298.9,298.9,0.18,301.64
2024-10-09,22.0,79.0,,,22.69305419921875,299.0,299.0,299.0,0.0,302.21
2024-10-10,22.0,79.0,,,22.619285583496097,297.77,297.77,297.77,0.3,301.15
2024-10-11,22.0,79.0,,,22.152070999145508,296.31,296.31,296.31,4.01,301.19
2024-10-12,22.0,79.0,,,22.671743392944336,296.04,296.04,296.04,0.0,300.26
2024-10-13,22.0,79.0,,,23.106279373168945,295.35,295.35,295.35,1.93,302.45
2024-10-14,22.0,79.0,,,22.43623161315918,294.88,294.88,294.88,0.0,300.5
2024-10-15,22.0,79.0,,,22.399574279785156,295.82,295.82,295.82,5.56,302.07
2024-10-16,22.0,79.0,,,22.741472244262695,297.26,297.26,297.26,0.0,301.2
2024-10-17,22.0,79.0,,,22.581016540527344,299.18,299.18,299.18,0.0,301.67
2024-10-18,22.0,79.0,,,22.226085662841797,295.6,295.6,295.6,0.0,301.02
2024-10-19,22.0,79.0,,,21.28011703491211,294.49,294.49,294.49,0.0,301.35
2024-10-20,22.0,79.0,,,20.964609146118164,296.62,296.62,296.62,1.68,301.67
2024-10-21,22.0,79.0,,,19.989843368530273,296.46,296.46,296.46,0.0,302.15
2024-10-22,22.0,79.0,,,20.651348114013672,294.54,294.54,294.54,0.32,302.23
2024-10-23,22.0,79.0,,,20.004377365112305,294.75,294.75,294.75,0.0,301.98
2024-10-24,22.0,79.0,,,18.82768440246582,297.49,297.49,297.49,0.86,300.99
2024-10-25,22.0,79.0,,,19.389970779418945,298.49,298.49,298.49,0.0,301.42
2024-10-26,22.0,79.0,,,19.603599548339844,293.49,293.49,293.49,0.0,303.03
2024-10-27,22.0,79.0,,,18.635982513427734,294.91,294.91,294.91,0.0,301.16
2024-10-28,22.0,79.0,,,19.885047912597656,296.04,296.04,296.04,3.35,301.21
2024-10-29,22.0,79.0,,,20.637283325195312,297.52,297.52,297.52,0.1,302.58
2024-10-30,22.0,79.0,,,20.599464416503903,294.7,294.7,294.7,0.04,302.02
2024-10-31,22.0,79.0,,,20.152929306030273,298.61,298.61,298.61,3.92,302.31
2024-11-01,22.0,79.0,,,19.201108932495117,295.92,295.92,295.92,3.45,301.78
2024-11-02,22.0,79.0,,,18.381452560424805,298.61,298.61,298.61,0.0,302.62
2024-11-03,22.0,79.0,,,18.921207427978516,296.29,296.29,296.29,0.48,301.98
2024-11-04,22.0,79.0,,,18.101505279541016,297.41,297.41,297.41,0.0,301.49
2024-11-05,22.0,79.0,,,17.34590721130371,293.92,293.92,293.92,0.92,301.37
2024-11-06,22.0,79.0,,,17.26940155029297,295.76,295.76,295.76,0.0,301.83
2024-11-07,22.0,79.0,,,17.445236206054688,295.36,295.36,295.36,3.38,301.52
2024-11-08,22.0,79.0,,,17.37759780883789,294.28,294.28,294.28,0.0,301.89
2024-11-09,22.0,79.0,,,18.146991729736328,293.67,293.67,293.67,2.27,301.11
2024-11-10,22.0,79.0,,,17.580902099609375,294.85,294.85,294.85,1.12,302.0
2024-11-11,22.0,79.0,,,16.365163803100586,295.67,295.67,295.67,0.0,301.68
2024-11-12,22.0,79.0,,,15.71785831451416,295.9,295.9,295.9,0.03,301.91
2024-11-13,22.0,79.0,,,14.507661819458008,296.47,296.47,296.47,0.48,
2024-11-14,22.0,79.0,,,14.015666007995604,293.66,293.66,293.66,0.0,301.41
2024-11-15,22.0,79.0,,,14.299019813537598,295.63,295.63,295.63,2.53,302.46
2024-11-16,22.0,79.0,,,13.963245391845703,294.39,294.39,294.39,0.0,302.44
2024-11-17,22.0,79.0,,,14.001859664916992,294.67,294.67,294.67,0.69,302.67
2024-11-18,22.0,79.0,,,13.655509948730469,295.97,295.97,295.97,0.0,301.62
2024-11-19,22.0,79.0,,,12.65695095062256,,,,6.25,302.07
2024-11-20,22.0,79.0,,,12.339709281921388,294.98,294.98,294.98,0.0,302.1
2024-11-21,22.0,79.0,,,12.548242568969728,295.38,295.38,295.38,0.0,300.81
2024-11-22,22.0,79.0,,,12.25380802154541,293.93,293.93,293.93,0.1,302.56
2024-11-23,22.0,79.0,,,11.907774925231934,294.29,294.29,294.29,0.0,301.54
2024-11-24,22.0,79.0,,,11.87774658203125,293.48,293.48,293.48,0.0,301.31
2024-11-25,22.0,79.0,,,11.494332313537598,295.44,295.44,295.44,0.32,301.84
2024-11-26,22.0,79.0,,,11.173364639282228,294.41,294.41,294.41,0.0,301.91
2024-11-27,22.0,79.0,,,10.23941135406494,293.07,293.07,293.07,0.0,301.23
2024-11-28,22.0,79.0,,,10.455432891845703,294.83,294.83,294.83,2.51,300.8
2024-11-29,22.0,79.0,,,10.46261215209961,291.74,291.74,291.74,0.0,302.2
2024-11-30,22.0,79.0,,,10.453996658325195,292.34,292.34,292.34,1.94,300.82
2024-12-01,22.0,79.0,,,12.305559158325195,296.93,296.93,296.93,0.0,302.13
2024-12-02,22.0,79.0,,,13.80387020111084,295.93,295.93,295.93,0.0,301.82
2024-12-03,22.0,79.0,,,15.495855331420898,294.12,294.12,294.12,0.0,301.63
2024-12-04,22.0,79.0,,,15.611536979675291,294.44,294.44,294.44,0.0,302.18
2024-12-05,22.0,79.0,,,15.52439308166504,292.67,292.67,292.67,7.79,302.26
2024-12-06,22.0,79.0,,,15.364795684814451,292.75,292.75,292.75,0.0,301.45
2024-12-07,22.0,79.0,,,14.510709762573242,293.43,293.43,293.43,3.38,302.61
2024-12-08,22.0,79.0,,,14.924086570739746,291.68,291.68,291.68,0.0,302.04
2024-12-09,22.0,79.0,,,13.039423942565918,295.15,295.15,295.15,1.12,301.1
2024-12-10,22.0,79.0,,,8.55307388305664,291.84,291.84,291.84,5.48,302.11
2024-12-11,22.0,79.0,,,7.6860504150390625,293.09,293.09,293.09,0.0,302.16
2024-12-12,22.0,79.0,,,7.862375736236572,293.53,293.53,293.53,4.09,301.82
2024-12-13,22.0,79.0,,,7.506755828857422,292.53,292.53,292.53,0.0,300.42
2024-12-14,22.0,79.0,,,5.985806465148926,293.93,293.93,293.93,0.0,301.58
2024-12-15,22.0,79.0,,,5.532874584197998,294.25,294.25,294.25,0.0,
2024-12-16,22.0,79.0,,,6.512157440185547,293.84,293.84,293.84,0.17,302.22
2024-12-17,22.0,79.0,,,6.319659233093262,294.87,294.87,294.87,0.0,301.68
2024-12-18,22.0,79.0,,,7.388555526733398,295.09,295.09,295.09,0.19,301.44
2024-12-19,22.0,79.0,,,8.239864349365234,295.03,295.03,295.03,0.0,
2024-12-20,22.0,79.0,,,11.410178184509276,292.05,292.05,292.05,1.16,302.12
2024-12-21,22.0,79.0,,,12.484339714050291,292.84,292.84,292.84,0.0,301.38
2024-12-22,22.0,79.0,,,10.39655590057373,292.29,292.29,292.29,0.0,302.01
2024-12-23,22.0,79.0,,,12.080557823181152,291.76,291.76,291.76,0.21,303.19
2024-12-24,22.0,79.0,,,14.686341285705566,292.77,292.77,292.77,1.17,301.65
2024-12-25,22.0,79.0,,,15.026132583618164,290.87,290.87,290.87,0.0,301.82
2024-12-26,22.0,79.0,,,15.219724655151367,290.65,290.65,290.65,0.0,301.8
2024-12-27,22.0,79.0,,,16.2786865234375,293.74,293.74,293.74,0.0,301.6
2024-12-28,22.0,79.0,,,18.306827545166016,292.42,292.42,292.42,1.56,302.24
2024-12-29,22.0,79.0,,,16.366512298583984,291.16,291.16,291.16,0.0,302.2
2024-12-30,22.0,79.0,,,14.364585876464844,292.55,292.55,292.55,1.41,302.89
2024-12-31,22.0,79.0,,,11.581548690795898,293.31,293.31,293.31,2.54,302.02
2025-01-01,22.0,79.0,,,11.002135276794434,289.62,289.62,289.62,0.0,302.0
2025-01-02,22.0,79.0,,,7.885927200317383,294.45,294.45,294.45,3.08,301.85
2025-01-03,22.0,79.0,,,7.982396125793457,293.65,293.65,293.65,0.0,301.65
2025-01-04,22.0,79.0,,,8.665719985961914,293.51,293.51,293.51,1.87,301.51
2025-01-05,22.0,79.0,,,8.931136131286621,292.35,292.35,292.35,0.0,301.88
2025-01-06,22.0,79.0,,,11.941917419433594,292.86,292.86,292.86,0.0,302.0
2025-01-07,22.0,79.0,,,11.302411079406738,295.44,295.44,295.44,1.69,301.98
2025-01-08,22.0,79.0,,,7.466798782348633,295.87,295.87,295.87,0.0,301.83
2025-01-09,22.0,79.0,,,7.314558506011963,292.44,292.44,292.44,0.09,301.4
2025-01-10,22.0,79.0,,,8.819029808044434,292.52,292.52,292.52,0.28,301.55
2025-01-11,22.0,79.0,,,10.73769760131836,292.2,292.2,292.2,0.0,302.29
2025-01-12,22.0,79.0,,,14.288503646850586,292.77,292.77,292.77,0.0,302.11
2025-01-13,22.0,79.0,,,13.321910858154297,292.14,292.14,292.14,0.0,301.51
2025-01-14,22.0,79.0,,,10.26116943359375,293.75,293.75,293.75,0.0,302.08
2025-01-15,22.0,79.0,,,11.435920715332031,290.24,290.24,290.24,0.58,300.22
2025-01-16,22.0,79.0,,,12.92221450805664,293.67,293.67,293.67,0.0,302.8
2025-01-17,22.0,79.0,,,13.084229469299316,294.94,294.94,294.94,8.82,300.88
2025-01-18,22.0,79.0,,,10.913698196411133,295.95,295.95,295.95,0.83,301.75
2025-01-19,22.0,79.0,,,10.879589080810549,295.12,295.12,295.12,0.17,302.23
2025-01-20,22.0,79.0,,,10.971742630004885,292.09,292.09,292.09,0.29,301.51
2025-01-21,22.0,79.0,,,11.985952377319336,292.92,292.92,292.92,0.0,302.24
2025-01-22,22.0,79.0,,,12.662803649902344,293.64,293.64,293.64,0.0,301.44
2025-01-23,22.0,79.0,,,13.91457176208496,295.29,295.29,295.29,0.0,301.5
2025-01-24,22.0,79.0,,,14.269124031066896,297.41,297.41,297.41,0.0,302.14
2025-01-25,22.0,79.0,,,12.841631889343262,294.62,294.62,294.62,1.7,301.64
2025-01-26,22.0,79.0,,,12.20932960510254,290.44,290.44,290.44,2.9,301.26
2025-01-27,22.0,79.0,,,11.160311698913574,296.65,296.65,296.65,0.0,301.83
2025-01-28,22.0,79.0,,,11.746112823486328,294.06,294.06,294.06,0.0,301.23
2025-01-29,22.0,79.0,,,13.491172790527344,293.29,293.29,293.29,0.0,302.68
2025-01-30,22.0,79.0,,,15.515311241149902,,,,0.0,302.37
2025-01-31,22.0,79.0,,,13.672658920288086,295.6,295.6,295.6,0.0,302.49
2025-02-01,22.0,79.0,,,15.901618957519531,295.92,295.92,295.92,0.0,301.0
2025-02-02,22.0,79.0,,,16.185441970825195,293.93,293.93,293.93,0.69,301.29
2025-02-03,22.0,79.0,,,15.979446411132812,296.66,296.66,296.66,0.0,301.45
2025-02-04,22.0,79.0,,,16.93701171875,294.91,294.91,294.91,0.0,301.28
2025-02-05,22.0,79.0,,,16.67013168334961,297.51,297.51,297.51,6.95,301.25
2025-02-06,22.0,79.0,,,14.31441879272461,291.43,291.43,291.43,0.0,301.23
2025-02-07,22.0,79.0,,,12.524085998535156,294.93,294.93,294.93,0.19,301.77
2025-02-08,22.0,79.0,,,12.217549324035645,293.57,293.57,293.57,0.0,301.33
2025-02-09,22.0,79.0,,,13.067399978637695,295.16,295.16,295.16,0.0,302.29
2025-02-10,22.0,79.0,,,15.113946914672852,298.9,298.9,298.9,0.0,301.85
2025-02-11,22.0,79.0,,,15.926867485046388,295.65,295.65,295.65,0.11,301.93
2025-02-12,22.0,79.0,,,15.215867042541504,298.5,298.5,298.5,0.0,301.07
2025-02-13,22.0,79.0,,,13.021363258361816,296.98,296.98,296.98,0.0,300.97
2025-02-14,22.0,79.0,,,11.357626914978027,293.67,293.67,293.67,0.86,301.4
2025-02-15,22.0,79.0,,,11.903223037719728,294.24,294.24,294.24,0.0,301.21
2025-02-16,22.0,79.0,,,14.23366355895996,,,,0.0,
2025-02-17,22.0,79.0,,,15.5108642578125,295.54,295.54,295.54,0.15,
2025-02-18,22.0,79.0,,,16.082046508789062,296.49,296.49,296.49,1.52,301.17
2025-02-19,22.0,79.0,,,16.59857749938965,297.34,297.34,297.34,0.65,301.19
2025-02-20,22.0,79.0,,,16.28632164001465,295.5,295.5,295.5,0.12,301.81
2025-02-21,22.0,79.0,,,14.77216339111328,296.27,296.27,296.27,0.0,302.01
2025-02-22,22.0,79.0,,,14.730630874633787,299.69,299.69,299.69,0.0,302.18
2025-02-23,22.0,79.0,,,13.49837875366211,298.26,298.26,298.26,3.71,302.04
2025-02-24,22.0,79.0,,,13.683446884155272,297.24,297.24,297.24,1.1,301.29
2025-02-25,22.0,79.0,,,14.58135223388672,297.0,297.0,297.0,0.0,301.26
2025-02-26,22.0,79.0,,,14.414613723754885,295.61,295.61,295.61,0.23,301.13
2025-02-27,22.0,79.0,,,15.008790969848633,294.01,294.01,294.01,1.65,301.61
2025-02-28,22.0,79.0,,,17.530174255371094,294.3,294.3,294.3,0.0,301.8
2025-03-01,22.0,79.0,,,18.51509475708008,299.11,299.11,299.11,0.0,301.07
2025-03-02,22.0,79.0,,,18.49049186706543,297.07,297.07,297.07,0.0,301.43
2025-03-03,22.0,79.0,,,16.99968719482422,300.79,300.79,300.79,1.16,301.33
2025-03-04,22.0,79.0,,,16.995431900024414,301.28,301.28,301.28,3.02,301.63
2025-03-05,22.0,79.0,,,14.448481559753418,295.67,295.67,295.67,0.0,301.02
2025-03-06,22.0,79.0,,,11.638821601867676,298.54,298.54,298.54,0.0,300.73
2025-03-07,22.0,79.0,,,12.26063632965088,299.42,299.42,299.42,0.0,301.13
2025-03-08,22.0,79.0,,,14.492018699645996,297.7,297.7,297.7,1.44,300.64
2025-03-09,22.0,79.0,,,15.645485877990724,297.74,297.74,297.74,0.0,301.69
2025-03-10,22.0,79.0,,,17.001543045043945,297.37,297.37,297.37,0.0,301.72
2025-03-11,22.0,79.0,,,17.031179428100586,294.99,294.99,294.99,0.82,301.06
2025-03-12,22.0,79.0,,,18.309967041015625,297.77,297.77,297.77,0.0,301.45
2025-03-13,22.0,79.0,,,19.085840225219727,298.46,298.46,298.46,2.54,301.18
2025-03-14,22.0,79.0,,,19.460609436035156,297.4,297.4,297.4,0.73,301.74
2025-03-15,22.0,79.0,,,19.78042984008789,299.27,299.27,299.27,0.0,301.1
2025-03-16,22.0,79.0,,,21.787212371826172,299.79,299.79,299.79,0.0,301.51
2025-03-17,22.0,79.0,,,20.312286376953125,296.93,296.93,296.93,0.22,300.2
2025-03-18,22.0,79.0,,,18.348365783691406,298.65,298.65,298.65,0.07,300.86
2025-03-19,22.0,79.0,,,19.05270195007324,301.09,301.09,301.09,0.0,301.0
2025-03-20,22.0,79.0,,,20.637868881225582,,,,4.57,301.62
2025-03-21,22.0,79.0,,,20.547452926635746,302.1,302.1,302.1,0.59,300.91
2025-03-22,22.0,79.0,,,18.686275482177734,300.7,300.7,300.7,2.67,
2025-03-23,22.0,79.0,,,18.16370964050293,301.52,301.52,301.52,0.0,301.72
2025-03-24,22.0,79.0,,,17.377626419067383,299.55,299.55,299.55,2.43,301.4
2025-03-25,22.0,79.0,,,17.545909881591797,300.3,300.3,300.3,0.0,301.17
2025-03-26,22.0,79.0,,,17.87216567993164,301.61,301.61,301.61,0.0,300.7
2025-03-27,22.0,79.0,,,19.80294609069824,298.77,298.77,298.77,0.0,301.25
2025-03-28,22.0,79.0,,,21.80574607849121,300.65,300.65,300.65,6.58,300.67
2025-03-29,22.0,79.0,,,20.121980667114254,300.19,300.19,300.19,2.64,301.35
2025-03-30,22.0,79.0,,,18.147647857666016,302.1,302.1,302.1,3.99,301.11
2025-03-31,22.0,79.0,,,19.643341064453125,299.46,299.46,299.46,0.0,300.27
2025-04-01,22.0,79.0,,,22.474294662475582,302.13,302.13,302.13,0.0,300.68
2025-04-02,22.0,79.0,,,20.950998306274418,298.33,298.33,298.33,0.0,300.07
2025-04-03,22.0,79.0,,,20.288915634155273,302.81,302.81,302.81,0.0,300.9
2025-04-04,22.0,79.0,,,21.23780632019043,302.82,302.82,302.82,0.98,301.18
2025-04-05,22.0,79.0,,,20.508121490478516,301.03,301.03,301.03,0.88,301.05
2025-04-06,22.0,79.0,,,20.49173164367676,300.96,300.96,300.96,0.0,300.96
2025-04-07,22.0,79.0,,,20.879169464111328,304.12,304.12,304.12,0.19,301.95
2025-04-08,22.0,79.0,,,22.115196228027344,305.98,305.98,305.98,0.42,301.66
2025-04-09,22.0,79.0,,,24.962329864501953,304.56,304.56,304.56,0.0,299.94
2025-04-10,22.0,79.0,,,23.06690788269043,301.99,301.99,301.99,0.0,300.92
2025-04-11,22.0,79.0,,,23.289838790893555,302.98,302.98,302.98,0.34,300.8
2025-04-12,22.0,79.0,,,23.85493278503418,301.18,301.18,301.18,0.0,300.72
2025-04-13,22.0,79.0,,,22.26023292541504,300.52,300.52,300.52,0.0,300.14
2025-04-14,22.0,79.0,,,21.69273376464844,303.05,303.05,303.05,2.19,299.53
2025-04-15,22.0,79.0,,,23.085460662841797,301.34,301.34,301.34,0.0,301.04
2025-04-16,22.0,79.0,,,23.089031219482425,303.38,303.38,303.38,0.08,300.71
2025-04-17,22.0,79.0,,,23.46588897705078,300.81,300.81,300.81,8.24,301.62
2025-04-18,22.0,79.0,,,24.515804290771484,302.68,302.68,302.68,0.0,300.33
2025-04-19,22.0,79.0,,,25.133647918701172,302.63,302.63,302.63,0.0,300.7
2025-04-20,22.0,79.0,,,24.617202758789062,302.42,302.42,302.42,0.0,299.72
2025-04-21,22.0,79.0,,,23.964881896972656,302.48,302.48,302.48,1.07,301.12
2025-04-22,22.0,79.0,,,24.26322364807129,304.99,304.99,304.99,0.0,299.17
2025-04-23,22.0,79.0,,,23.767662048339844,304.54,304.54,304.54,0.0,300.58
2025-04-24,22.0,79.0,,,23.22969627380371,304.4,304.4,304.4,0.0,300.53
2025-04-25,22.0,79.0,,,23.972949981689453,305.16,305.16,305.16,1.33,300.56
2025-04-26,22.0,79.0,,,25.647140502929688,304.79,304.79,304.79,4.79,299.99
2025-04-27,22.0,79.0,,,25.668804168701172,,,,0.53,300.67
2025-04-28,22.0,79.0,,,22.69723892211914,303.47,303.47,303.47,0.0,299.93
2025-04-29,22.0,79.0,,,24.20786476135254,305.3,305.3,305.3,0.45,299.92
2025-04-30,22.0,79.0,,,23.146141052246097,304.89,304.89,304.89,0.0,300.66
2025-05-01,22.0,79.0,,,24.41307258605957,303.69,303.69,303.69,0.0,300.26
2025-05-02,22.0,79.0,,,23.16783332824707,306.69,306.69,306.69,1.17,300.19
2025-05-03,22.0,79.0,,,24.751651763916016,306.86,306.86,306.86,1.31,299.49
2025-05-04,22.0,79.0,,,22.06035614013672,304.63,304.63,304.63,1.23,300.98
2025-05-05,22.0,79.0,,,21.971221923828125,305.47,305.47,305.47,2.27,300.48
2025-05-06,22.0,79.0,,,20.892597198486328,302.68,302.68,302.68,1.93,300.82
2025-05-07,22.0,79.0,,,21.76995849609375,306.6,306.6,306.6,0.0,
2025-05-08,22.0,79.0,,,23.029247283935547,304.81,304.81,304.81,0.0,300.55
2025-05-09,22.0,79.0,,,23.320327758789062,305.24,305.24,305.24,0.0,299.82
2025-05-10,22.0,79.0,,,24.056987762451172,304.13,304.13,304.13,0.93,300.61
2025-05-11,22.0,79.0,,,25.089879989624023,305.38,305.38,305.38,4.57,300.14
2025-05-12,22.0,79.0,,,24.506616592407227,305.69,305.69,305.69,0.01,300.04
2025-05-13,22.0,79.0,,,25.967355728149418,305.2,305.2,305.2,0.0,300.01
2025-05-14,22.0,79.0,,,25.97615623474121,306.93,306.93,306.93,0.0,300.53
2025-05-15,22.0,79.0,,,26.40260124206543,305.76,305.76,305.76,3.08,
2025-05-16,22.0,79.0,,,25.510986328125,306.29,306.29,306.29,0.0,299.5
2025-05-17,22.0,79.0,,,25.6817569732666,308.32,308.32,308.32,3.38,299.9
2025-05-18,22.0,79.0,,,25.35623359680176,305.69,305.69,305.69,2.41,300.74
2025-05-19,22.0,79.0,,,26.341567993164062,306.59,306.59,306.59,0.35,300.17
2025-05-20,22.0,79.0,,,26.13473320007324,308.5,308.5,308.5,1.07,299.77
2025-05-21,22.0,79.0,,,24.73699378967285,307.36,307.36,307.36,4.06,299.26
2025-05-22,22.0,79.0,,,22.854276657104492,307.76,307.76,307.76,1.99,299.73
2025-05-23,22.0,79.0,,,24.31773376464844,305.98,305.98,305.98,1.58,299.91
2025-05-24,22.0,79.0,,,25.11294174194336,305.39,305.39,305.39,8.24,300.67
2025-05-25,22.0,79.0,,,24.274030685424805,308.28,308.28,308.28,0.8,299.82
2025-05-26,22.0,79.0,,,24.099899291992188,304.68,304.68,304.68,0.56,301.28
2025-05-27,22.0,79.0,,,25.8885498046875,306.06,306.06,306.06,3.59,300.35
2025-05-28,22.0,79.0,,,23.823707580566406,,,,1.85,300.59
2025-05-29,22.0,79.0,,,24.201908111572266,307.65,307.65,307.65,3.22,300.33
2025-05-30,22.0,79.0,,,25.178783416748047,304.82,304.82,304.82,1.6,300.23
2025-05-31,22.0,79.0,,,25.239093780517575,306.89,306.89,306.89,0.08,300.49
2025-06-01,22.0,79.0,,,25.039226531982425,307.28,307.28,307.28,0.69,299.27
2025-06-02,22.0,79.0,,,24.565393447875977,306.16,306.16,306.16,0.83,300.27
2025-06-03,22.0,79.0,,,24.4608154296875,,,,1.31,299.6
2025-06-04,22.0,79.0,,,23.84825897216797,308.93,308.93,308.93,0.77,299.78
2025-06-05,22.0,79.0,,,23.307825088500977,307.73,307.73,307.73,5.74,299.77
2025-06-06,22.0,79.0,,,24.449060440063477,304.96,304.96,304.96,1.16,299.57
2025-06-07,22.0,79.0,,,26.062898635864254,308.56,308.56,308.56,1.29,299.73
2025-06-08,22.0,79.0,,,27.516565322875977,306.96,306.96,306.96,1.28,300.13
2025-06-09,22.0,79.0,,,27.13733673095703,305.64,305.64,305.64,1.91,300.8
2025-06-10,22.0,79.0,,,26.647085189819336,309.28,309.28,309.28,1.67,300.93
2025-06-11,22.0,79.0,,,26.386934280395508,309.12,309.12,309.12,3.88,299.29
2025-06-12,22.0,79.0,,,26.669113159179688,308.1,308.1,308.1,0.68,301.56
2025-06-13,22.0,79.0,,,26.246856689453125,307.82,307.82,307.82,2.51,300.7
2025-06-14,22.0,79.0,,,26.65469741821289,307.9,307.9,307.9,0.77,299.93
2025-06-15,22.0,79.0,,,24.95809555053711,309.69,309.69,309.69,1.61,299.84
2025-06-16,22.0,79.0,,,25.437265396118164,307.2,307.2,307.2,3.13,299.88
2025-06-17,22.0,79.0,,,24.41338348388672,309.12,309.12,309.12,1.53,300.01
2025-06-18,22.0,79.0,,,25.130416870117188,308.76,308.76,308.76,1.23,300.19
2025-06-19,22.0,79.0,,,24.82611846923828,307.77,307.77,307.77,6.22,300.09
2025-06-20,22.0,79.0,,,22.922313690185547,308.19,308.19,308.19,4.27,299.43
2025-06-21,22.0,79.0,,,24.140005111694336,308.07,308.07,308.07,7.87,300.49
2025-06-22,22.0,79.0,,,23.227123260498047,307.57,307.57,307.57,2.39,299.87
2025-06-23,22.0,79.0,,,23.431337356567383,308.29,308.29,308.29,1.32,300.85
2025-06-24,22.0,79.0,,,22.769269943237305,307.14,307.14,307.14,1.5,300.12
2025-06-25,22.0,79.0,,,22.83573341369629,303.37,303.37,303.37,2.97,299.85
2025-06-26,22.0,79.0,,,23.125526428222656,307.95,307.95,307.95,3.79,300.07
2025-06-27,22.0,79.0,,,22.638870239257812,308.73,308.73,308.73,3.03,300.55
2025-06-28,22.0,79.0,,,23.289772033691406,306.64,306.64,306.64,1.74,299.75
2025-06-29,22.0,79.0,,,22.607196807861328,305.85,305.85,305.85,1.82,300.56
2025-06-30,22.0,79.0,,,21.434803009033203,306.89,306.89,306.89,3.22,299.04
2025-07-01,22.0,79.0,,,22.349451065063477,309.74,309.74,309.74,1.59,299.89
2025-07-02,22.0,79.0,,,22.61153984069824,308.55,308.55,308.55,2.28,299.49
2025-07-03,22.0,79.0,,,23.135713577270508,307.12,307.12,307.12,0.0,301.29
2025-07-04,22.0,79.0,,,23.180253982543945,309.45,309.45,309.45,1.83,299.89
2025-07-05,22.0,79.0,,,22.26693344116211,307.4,307.4,307.4,2.08,299.89
2025-07-06,22.0,79.0,,,22.753921508789062,308.7,308.7,308.7,3.2,299.43
2025-07-07,22.0,79.0,,,22.259206771850582,309.31,309.31,309.31,1.97,300.25
2025-07-08,22.0,79.0,,,21.977806091308594,309.49,309.49,309.49,2.46,300.23
2025-07-09,22.0,79.0,,,22.047916412353516,307.95,307.95,307.95,2.5,300.96
2025-07-10,22.0,79.0,,,22.050561904907227,307.72,307.72,307.72,3.13,299.79
2025-07-11,22.0,79.0,,,22.402587890625,307.08,307.08,307.08,3.71,300.13
2025-07-12,22.0,79.0,,,22.739532470703125,307.14,307.14,307.14,2.04,300.2
2025-07-13,22.0,79.0,,,22.686359405517575,309.35,309.35,309.35,2.26,299.76
2025-07-14,22.0,79.0,,,23.341644287109375,307.36,307.36,307.36,2.59,300.5
2025-07-15,22.0,79.0,,,23.655031204223633,308.23,308.23,308.23,2.79,300.86
2025-07-16,22.0,79.0,,,23.961109161376953,305.82,305.82,305.82,2.14,299.11
2025-07-17,22.0,79.0,,,23.440895080566406,308.06,308.06,308.06,4.17,299.56
2025-07-18,22.0,79.0,,,23.031404495239254,308.2,308.2,308.2,3.84,299.42
2025-07-19,22.0,79.0,,,22.805458068847656,309.13,309.13,309.13,2.78,299.49
2025-07-20,22.0,79.0,,,23.998987197875977,308.63,308.63,308.63,7.4,300.36
2025-07-21,22.0,79.0,,,24.134605407714844,309.09,309.09,309.09,3.27,299.38
2025-07-22,22.0,79.0,,,24.213808059692383,308.08,308.08,308.08,3.93,298.96
2025-07-23,22.0,79.0,,,23.916112899780273,304.93,304.93,304.93,2.55,300.87
2025-07-24,22.0,79.0,,,23.30449676513672,308.92,308.92,308.92,6.43,298.92
2025-07-25,22.0,79.0,,,23.25635528564453,306.26,306.26,306.26,2.19,
2025-07-26,22.0,79.0,,,23.26075553894043,307.28,307.28,307.28,2.68,300.14
2025-07-27,22.0,79.0,,,22.77614402770996,309.11,309.11,309.11,4.05,300.05
2025-07-28,22.0,79.0,,,23.04022216796875,305.27,305.27,305.27,6.92,301.13
2025-07-29,22.0,79.0,,,22.492033004760746,306.53,306.53,306.53,4.13,300.72
2025-07-30,22.0,79.0,,,22.54524040222168,,,,2.21,299.1
2025-07-31,22.0,79.0,,,22.490402221679688,307.24,307.24,307.24,4.24,300.32
2025-08-01,22.0,79.0,,,23.146183013916016,307.87,307.87,307.87,3.02,299.85
2025-08-02,22.0,79.0,,,23.53236198425293,305.05,305.05,305.05,5.56,300.26
2025-08-03,22.0,79.0,,,23.678634643554688,303.84,303.84,303.84,3.79,301.04
2025-08-04,22.0,79.0,,,23.590410232543945,304.78,304.78,304.78,2.72,301.24
2025-08-05,22.0,79.0,,,23.831134796142575,305.68,305.68,305.68,4.93,299.57
2025-08-06,22.0,79.0,,,24.510440826416016,307.12,307.12,307.12,2.15,299.93
2025-08-07,22.0,79.0,,,24.593402862548828,307.75,307.75,307.75,2.93,300.57
2025-08-08,22.0,79.0,,,23.94549560546875,307.53,307.53,307.53,9.38,299.7
2025-08-09,22.0,79.0,,,23.350574493408203,304.86,304.86,304.86,7.02,300.4
2025-08-10,22.0,79.0,,,23.112871170043945,306.22,306.22,306.22,1.85,299.81
2025-08-11,22.0,79.0,,,23.452089309692383,307.61,307.61,307.61,1.81,301.43
2025-08-12,22.0,79.0,,,23.721832275390625,305.18,305.18,305.18,1.92,301.03
2025-08-13,22.0,79.0,,,23.21029281616211,307.02,307.02,307.02,7.33,299.85
2025-08-14,22.0,79.0,,,23.06937026977539,307.68,307.68,307.68,2.42,299.79
2025-08-15,22.0,79.0,,,24.04792594909668,303.63,303.63,303.63,13.93,299.88
2025-08-16,22.0,79.0,,,23.593669891357425,309.0,309.0,309.0,5.42,301.05
2025-08-17,22.0,79.0,,,23.55935287475586,305.28,305.28,305.28,3.16,300.44
2025-08-18,22.0,79.0,,,23.99648094177246,305.83,305.83,305.83,9.09,
2025-08-19,22.0,79.0,,,23.28032875061035,,,,1.57,300.15
2025-08-20,22.0,79.0,,,23.304821014404297,304.78,304.78,304.78,4.9,301.15
2025-08-21,22.0,79.0,,,23.0961856842041,305.12,305.12,305.12,2.86,299.9
2025-08-22,22.0,79.0,,,23.478607177734375,302.24,302.24,302.24,2.09,301.0
2025-08-23,22.0,79.0,,,22.884601593017575,301.98,301.98,301.98,3.62,299.61
2025-08-24,22.0,79.0,,,22.31302070617676,302.42,302.42,302.42,1.57,300.52
2025-08-25,22.0,79.0,,,22.65900421142578,305.65,305.65,305.65,6.49,300.88
2025-08-26,22.0,79.0,,,23.309955596923828,306.34,306.34,306.34,4.13,300.16
2025-08-27,22.0,79.0,,,23.723876953125,303.79,303.79,303.79,1.39,299.71
2025-08-28,22.0,79.0,,,23.824235916137695,300.77,300.77,300.77,1.14,300.79
2025-08-29,22.0,79.0,,,24.02522087097168,301.33,301.33,301.33,2.81,301.12
2025-08-30,22.0,79.0,,,23.632022857666016,301.26,301.26,301.26,0.92,301.42
2025-08-31,22.0,79.0,,,24.063703536987305,304.76,304.76,304.76,4.44,300.97
2025-09-01,22.0,79.0,,,23.404544830322266,303.74,303.74,303.74,2.36,300.76
2025-09-02,22.0,79.0,,,23.68330764770508,300.69,300.69,300.69,1.87,299.76
2025-09-03,22.0,79.0,,,22.964519500732425,,,,2.34,300.39
2025-09-04,22.0,79.0,,,23.014148712158203,301.53,301.53,301.53,4.97,300.56
2025-09-05,22.0,79.0,,,22.739593505859375,303.73,303.73,303.73,0.72,300.95
2025-09-06,22.0,79.0,,,22.85852432250977,302.66,302.66,302.66,4.62,300.99
2025-09-07,22.0,79.0,,,23.055709838867188,304.57,304.57,304.57,2.72,300.98
2025-09-08,22.0,79.0,,,23.271217346191406,301.35,301.35,301.35,0.54,301.63
2025-09-09,22.0,79.0,,,23.157236099243164,302.03,302.03,302.03,3.53,301.78
2025-09-10,22.0,79.0,,,23.630380630493164,,,,4.02,300.18
2025-09-11,22.0,79.0,,,23.423982620239254,301.49,301.49,301.49,2.14,301.14
2025-09-12,22.0,79.0,,,22.836584091186523,300.72,300.72,300.72,10.5,300.75
2025-09-13,22.0,79.0,,,22.942371368408203,302.79,302.79,302.79,4.87,301.65
2025-09-14,22.0,79.0,,,23.406959533691406,302.38,302.38,302.38,0.0,300.76
2025-09-15,22.0,79.0,,,23.597240447998047,302.66,302.66,302.66,2.94,301.26
2025-09-16,22.0,79.0,,,23.118968963623047,302.1,302.1,302.1,1.71,300.12
2025-09-17,22.0,79.0,,,23.088769912719727,,,,0.0,300.88
2025-09-18,22.0,79.0,,,23.180973052978516,300.32,300.32,300.32,3.66,301.07
2025-09-19,22.0,79.0,,,23.166240692138672,301.06,301.06,301.06,1.88,301.15
2025-09-20,22.0,79.0,,,23.289417266845703,302.34,302.34,302.34,2.7,300.16
2025-09-21,22.0,79.0,,,23.505306243896484,300.19,300.19,300.19,0.98,302.3
2025-09-22,22.0,79.0,,,23.75425910949707,299.06,299.06,299.06,6.5,301.36
2025-09-23,22.0,79.0,,,23.464033126831055,300.0,300.0,300.0,2.7,301.47
2025-09-24,22.0,79.0,,,23.31735610961914,301.35,301.35,301.35,2.78,301.3
2025-09-25,22.0,79.0,,,23.364479064941406,298.42,298.42,298.42,4.09,301.26
2025-09-26,22.0,79.0,,,23.640893936157227,297.92,297.92,297.92,3.58,301.19
2025-09-27,22.0,79.0,,,23.222667694091797,298.26,298.26,298.26,0.0,301.01
2025-09-28,22.0,79.0,,,23.166229248046875,298.62,298.62,298.62,1.42,300.57
2025-09-29,22.0,79.0,,,23.103986740112305,298.32,298.32,298.32,4.31,300.77
2025-09-30,22.0,79.0,,,23.12244987487793,300.65,300.65,300.65,1.9,300.72
2025-10-01,22.0,79.0,,,22.538097381591797,295.95,295.95,295.95,1.84,301.22
2025-10-02,22.0,79.0,,,22.574174880981445,298.52,298.52,298.52,0.0,301.95
2025-10-03,22.0,79.0,,,23.565719604492188,296.18,296.18,296.18,2.8,301.89
2025-10-04,22.0,79.0,,,23.4825382232666,297.02,297.02,297.02,0.74,300.73
2025-10-05,22.0,79.0,,,23.032114028930664,297.3,297.3,297.3,0.0,
2025-10-06,22.0,79.0,,,22.550029754638672,297.9,297.9,297.9,4.3,301.17
2025-10-07,22.0,79.0,,,21.58478546142578,299.87,299.87,299.87,0.9,301.34
2025-10-08,22.0,79.0,,,21.86764335632324,298.73,298.73,298.73,0.0,300.8
2025-10-09,22.0,79.0,,,21.206335067749023,298.57,298.57,298.57,0.85,300.85
2025-10-10,22.0,79.0,,,20.451953887939453,299.39,299.39,299.39,0.0,301.38
2025-10-11,22.0,79.0,,,20.165136337280273,297.66,297.66,297.66,0.0,301.43
2025-10-12,22.0,79.0,,,19.407018661499023,296.31,296.31,296.31,0.0,300.66
2025-10-13,22.0,79.0,,,19.65209197998047,298.13,298.13,298.13,1.1,302.25
2025-10-14,22.0,79.0,,,19.978626251220703,299.21,299.21,299.21,0.0,302.22
2025-10-15,22.0,79.0,,,21.813343048095703,298.93,298.93,298.93,0.0,301.28
2025-10-16,22.0,79.0,,,21.540828704833984,295.59,295.59,295.59,0.0,301.73
2025-10-17,22.0,79.0,,,21.44487190246582,294.94,294.94,294.94,1.39,302.03
2025-10-18,22.0,79.0,,,20.67888069152832,296.46,296.46,296.46,0.03,301.73
2025-10-19,22.0,79.0,,,19.909360885620117,299.28,299.28,299.28,0.0,301.31
2025-10-20,22.0,79.0,,,19.66922378540039,298.14,298.14,298.14,0.0,300.93
2025-10-21,22.0,79.0,,,21.59134101867676,297.08,297.08,297.08,1.4,301.58
2025-10-22,22.0,79.0,,,21.62531280517578,296.78,296.78,296.78,0.0,301.34
2025-10-23,22.0,79.0,,,22.336137771606445,295.37,295.37,295.37,0.0,
2025-10-24,22.0,79.0,,,21.982074737548828,296.01,296.01,296.01,0.0,301.32
2025-10-25,22.0,79.0,,,22.04911422729492,293.82,293.82,293.82,0.0,301.16
2025-10-26,22.0,79.0,,,21.33166122436523,296.75,296.75,296.75,0.0,302.69
2025-10-27,22.0,79.0,,,21.42816162109375,298.37,298.37,298.37,0.0,301.33
2025-10-28,22.0,79.0,,,22.044986724853516,293.96,293.96,293.96,7.01,302.31
2025-10-29,22.0,79.0,,,22.65758895874023,295.37,295.37,295.37,4.63,302.54
2025-10-30,22.0,79.0,,,22.15028190612793,292.44,292.44,292.44,2.72,301.48
2025-10-31,22.0,79.0,,,21.872116088867188,295.4,295.4,295.4,0.0,300.93
2025-11-01,22.0,79.0,,,21.69488525390625,294.84,294.84,294.84,1.38,302.42
2025-11-02,22.0,79.0,,,22.544143676757812,296.27,296.27,296.27,0.0,302.08
2025-11-03,22.0,79.0,,,21.081344604492188,295.6,295.6,295.6,0.0,300.93
2025-11-04,22.0,79.0,,,19.811935424804688,296.96,296.96,296.96,1.01,302.19
2025-11-05,22.0,79.0,,,19.433677673339844,299.18,299.18,299.18,0.0,301.03
2025-11-06,22.0,79.0,,,18.624277114868164,298.44,298.44,298.44,0.0,300.81
2025-11-07,22.0,79.0,,,16.057613372802734,295.62,295.62,295.62,2.77,301.37
2025-11-08,22.0,79.0,,,14.56899070739746,293.72,293.72,293.72,0.81,301.94
2025-11-09,22.0,79.0,,,13.354863166809082,294.96,294.96,294.96,0.0,301.39
2025-11-10,22.0,79.0,,,12.004312515258787,297.24,297.24,297.24,0.0,301.05
2025-11-11,22.0,79.0,,,11.75302505493164,295.16,295.16,295.16,0.3,301.84
2025-11-12,22.0,79.0,,,11.481658935546877,291.92,291.92,291.92,2.16,301.98
2025-11-13,22.0,79.0,,,11.122288703918455,295.24,295.24,295.24,0.87,300.99
2025-11-14,22.0,79.0,,,11.284509658813477,296.51,296.51,296.51,0.0,301.38
2025-11-15,22.0,79.0,,,11.135127067565918,292.79,292.79,292.79,4.2,302.17
2025-11-16,22.0,79.0,,,9.872629165649414,293.14,293.14,293.14,0.05,301.45
2025-11-17,22.0,79.0,,,9.2367582321167,294.51,294.51,294.51,0.0,301.42
2025-11-18,22.0,79.0,,,9.730648040771484,295.59,295.59,295.59,0.0,302.18
2025-11-19,22.0,79.0,,,10.425653457641602,295.6,295.6,295.6,1.4,301.29
2025-11-20,22.0,79.0,,,10.89924144744873,295.01,295.01,295.01,0.0,301.63
2025-11-21,22.0,79.0,,,11.604375839233398,294.3,294.3,294.3,2.94,301.25
2025-11-22,22.0,79.0,,,12.196544647216797,296.45,296.45,296.45,1.72,301.84
2025-11-23,22.0,79.0,,,13.311807632446287,293.03,293.03,293.03,0.0,301.1
2025-11-24,22.0,79.0,,,15.218403816223145,293.93,293.93,293.93,0.82,301.33
2025-11-25,22.0,79.0,,,15.912723541259766,292.64,292.64,292.64,0.0,302.23
2025-11-26,22.0,79.0,,,16.123092651367188,295.53,295.53,295.53,3.77,301.34
2025-11-27,22.0,79.0,,,15.118486404418944,,,,0.0,301.77
2025-11-28,22.0,79.0,,,11.976634979248049,293.96,293.96,293.96,3.76,300.96
2025-11-29,22.0,79.0,,,9.911367416381836,292.79,292.79,292.79,4.04,302.27
2025-11-30,22.0,79.0,,,10.3180513381958,293.47,293.47,293.47,0.0,301.82
2025-12-01,22.0,79.0,,,11.533746719360352,295.77,295.77,295.77,0.0,301.7
2025-12-02,22.0,79.0,,,11.19871711730957,,,,0.18,301.96
2025-12-03,22.0,79.0,,,10.842662811279297,296.51,296.51,296.51,3.08,301.92
2025-12-04,22.0,79.0,,,10.538860321044922,291.94,291.94,291.94,0.0,302.36
2025-12-05,22.0,79.0,,,10.431148529052734,291.12,291.12,291.12,0.0,301.96
2025-12-06,22.0,79.0,,,8.55392074584961,293.79,293.79,293.79,0.0,302.27
2025-12-07,22.0,79.0,,,8.92317008972168,292.05,292.05,292.05,0.04,301.42
2025-12-08,22.0,79.0,,,8.446833610534668,295.47,295.47,295.47,2.09,302.41
2025-12-09,22.0,79.0,,,8.40610122680664,292.46,292.46,292.46,0.0,301.84
2025-12-10,22.0,79.0,,,8.156303405761719,295.25,295.25,295.25,2.11,301.81
2025-12-11,22.0,79.0,,,7.91445779800415,292.8,292.8,292.8,0.0,301.88
2025-12-12,22.0,79.0,,,8.286972999572754,292.48,292.48,292.48,0.0,301.04
2025-12-13,22.0,79.0,,,8.7672758102417,294.61,294.61,294.61,0.0,302.86
2025-12-14,22.0,79.0,,,8.367606163024902,293.6,293.6,293.6,0.0,301.41
2025-12-15,22.0,79.0,,,8.290313720703125,294.25,294.25,294.25,0.0,301.73
2025-12-16,22.0,79.0,,,8.647601127624512,293.66,293.66,293.66,0.0,300.86
2025-12-17,22.0,79.0,,,8.453336715698242,292.5,292.5,292.5,1.44,301.76
2025-12-18,22.0,79.0,,,8.726603507995605,294.0,294.0,294.0,0.0,302.23
2025-12-19,22.0,79.0,,,8.824339866638184,293.35,293.35,293.35,0.0,302.08
2025-12-20,22.0,79.0,,,8.019587516784668,292.23,292.23,292.23,1.04,301.31
2025-12-21,22.0,79.0,,,8.305980682373047,292.41,292.41,292.41,0.0,301.65
2025-12-22,22.0,79.0,,,8.949220657348633,294.2,294.2,294.2,0.49,302.0
2025-12-23,22.0,79.0,,,9.272960662841797,293.03,293.03,293.03,0.0,302.4
2025-12-24,22.0,79.0,,,10.25210952758789,292.05,292.05,292.05,1.24,301.91
2025-12-25,22.0,79.0,,,9.665802001953123,293.8,293.8,293.8,0.0,301.97
2025-12-26,22.0,79.0,,,9.116704940795898,292.1,292.1,292.1,0.0,302.34
2025-12-27,22.0,79.0,,,8.810275077819824,293.7,293.7,293.7,0.0,301.57
2025-12-28,22.0,79.0,,,8.826150894165039,291.4,291.4,291.4,0.0,301.33
2025-12-29,22.0,79.0,,,8.789518356323242,295.16,295.16,295.16,0.34,302.09
2025-12-30,22.0,79.0,,,7.960472106933594,292.24,292.24,292.24,0.88,301.69
2025-12-31,22.0,79.0,,,8.6322021484375,294.72,294.72,294.72,0.0,302.71
