Model,Target,MAE,RMSE,R²,Training Time (s)
random_forest,rainfall_mm,2.4628,6.4777,0.2354,0.42
random_forest,tmax_c,1.125,1.475,0.9468,0.34
random_forest,tmin_c,0.865,1.145,0.978,0.34
hist_gradient_boosting,rainfall_mm,2.5241,6.5703,0.2205,0.56
hist_gradient_boosting,tmax_c,1.1288,1.5004,0.9448,0.56
hist_gradient_boosting,tmin_c,0.8925,1.1819,0.9746,0.56
stacking_ensemble,rainfall_mm,2.595,6.5801,0.2106,14.82
stacking_ensemble,tmax_c,1.1263,1.4772,0.9464,14.82
stacking_ensemble,tmin_c,0.8794,1.1621,0.9755,14.82
xgboost,rainfall_mm,2.622,6.6089,0.2016,0.25
xgboost,tmax_c,1.127,1.4778,0.9464,0.25
xgboost,tmin_c,0.8819,1.1623,0.9755,0.25
hurdle_lightgbm,rainfall_mm,2.65,6.6982,0.1905,2.7
hurdle_lightgbm,tmax_c,1.1304,1.49,0.9455,2.7
hurdle_lightgbm,tmin_c,0.8958,1.1808,0.9747,2.7
st_gnn,rainfall_mm,2.7,6.6774,0.1875,0.54
st_gnn,tmax_c,1.1832,1.5389,0.9419,0.54
st_gnn,tmin_c,1.4069,1.7529,0.9442,0.54
temporal_transformer,rainfall_mm,2.75,6.9024,0.1319,10.13
temporal_transformer,tmax_c,1.6351,2.1214,0.8896,10.13
temporal_transformer,tmin_c,1.4616,1.8297,0.9392,10.13
lstm,rainfall_mm,3.0393,7.145,0.0698,3.9
lstm,tmax_c,2.1601,2.7931,0.8085,3.9
lstm,tmin_c,2.2838,2.8112,0.8565,3.9
