date,region,latitude,longitude,rainfall_mm,tmax_c,tmin_c,humidity_pct,diurnal_range_c,grid_points,insat_lst_mean_K,insat_sst_mean_K
2026-09-21,Central India,22.0,79.0,6.6,28.6,22.1,88.0,6.5,1,301.75,
2026-09-22,Central India,22.0,79.0,0.5,29.6,22.2,80.0,7.4,1,302.75,
2026-09-23,Central India,22.0,79.0,1.4,28.9,23.2,80.0,5.7,1,302.05,
2026-09-24,Central India,22.0,79.0,1.7,28.2,22.9,83.0,5.3,1,301.35,
2026-09-25,Central India,22.0,79.0,4.6,26.4,21.9,87.0,4.5,1,299.55,
2026-09-26,Central India,22.0,79.0,0.5,27.2,20.7,76.0,6.5,1,300.35,
2026-09-27,Central India,22.0,79.0,0.0,29.2,21.4,72.0,7.8,1,302.35,
2026-09-28,Central India,22.0,79.0,0.0,29.2,20.5,76.0,8.7,1,302.35,
2026-09-21,Coastal Odisha,20.5,85.5,18.8,27.9,24.8,95.0,3.1,1,301.05,295.95
2026-09-22,Coastal Odisha,20.5,85.5,32.7,28.9,24.8,95.0,4.1,1,302.05,295.95
2026-09-23,Coastal Odisha,20.5,85.5,36.0,28.3,24.5,96.0,3.8,1,301.45,295.65
2026-09-24,Coastal Odisha,20.5,85.5,62.0,26.2,24.3,97.0,1.9,1,299.35,295.45
2026-09-25,Coastal Odisha,20.5,85.5,30.6,27.4,24.7,93.0,2.7,1,300.55,295.85
2026-09-26,Coastal Odisha,20.5,85.5,9.0,31.3,24.4,87.0,6.9,1,304.45,295.55
2026-09-27,Coastal Odisha,20.5,85.5,0.1,31.6,23.7,80.0,7.9,1,304.75,294.85
2026-09-28,Coastal Odisha,20.5,85.5,1.8,31.7,25.2,80.0,6.5,1,304.85,296.35
2026-09-21,Deccan Plateau,17.8,78.5,7.4,29.8,23.0,87.0,6.8,1,302.95,
2026-09-22,Deccan Plateau,17.8,78.5,1.8,29.7,23.2,86.0,6.5,1,302.85,
2026-09-23,Deccan Plateau,17.8,78.5,4.9,28.1,22.2,88.0,5.9,1,301.25,
2026-09-24,Deccan Plateau,17.8,78.5,11.1,27.5,22.6,88.0,4.9,1,300.65,
2026-09-25,Deccan Plateau,17.8,78.5,0.0,29.4,24.2,67.0,5.2,1,302.55,
2026-09-26,Deccan Plateau,17.8,78.5,0.4,29.5,22.7,71.0,6.8,1,302.65,
2026-09-27,Deccan Plateau,17.8,78.5,0.0,29.8,22.1,71.0,7.7,1,302.95,
2026-09-28,Deccan Plateau,17.8,78.5,0.0,30.1,22.3,70.0,7.8,1,303.25,
2026-09-21,Indo-Gangetic Plain,26.5,81.0,1.9,32.1,26.4,79.0,5.7,1,305.25,
2026-09-22,Indo-Gangetic Plain,26.5,81.0,1.9,32.1,26.4,84.0,5.7,1,305.25,
2026-09-23,Indo-Gangetic Plain,26.5,81.0,6.3,31.1,23.4,87.0,7.7,1,304.25,
2026-09-24,Indo-Gangetic Plain,26.5,81.0,4.5,27.4,23.2,87.0,4.2,1,300.55,
2026-09-25,Indo-Gangetic Plain,26.5,81.0,83.4,23.9,22.7,93.0,1.2,1,297.05,
2026-09-26,Indo-Gangetic Plain,26.5,81.0,39.5,26.6,21.6,93.0,5.0,1,299.75,
2026-09-27,Indo-Gangetic Plain,26.5,81.0,6.1,25.2,22.0,85.0,3.2,1,298.35,
2026-09-28,Indo-Gangetic Plain,26.5,81.0,0.6,31.1,21.9,83.0,9.2,1,304.25,
2026-09-21,Kerala Coast,9.5,76.5,16.6,27.7,24.0,94.0,3.7,1,300.85,295.15
2026-09-22,Kerala Coast,9.5,76.5,5.3,31.5,24.4,86.0,7.1,1,304.65,295.55
2026-09-23,Kerala Coast,9.5,76.5,3.6,30.8,24.6,83.0,6.2,1,303.95,295.75
2026-09-24,Kerala Coast,9.5,76.5,4.2,31.2,24.3,79.0,6.9,1,304.35,295.45
2026-09-25,Kerala Coast,9.5,76.5,2.2,31.2,25.4,76.0,5.8,1,304.35,296.55
2026-09-26,Kerala Coast,9.5,76.5,0.5,31.5,24.8,74.0,6.7,1,304.65,295.95
2026-09-27,Kerala Coast,9.5,76.5,0.5,32.2,24.9,77.0,7.3,1,305.35,296.05
2026-09-28,Kerala Coast,9.5,76.5,0.8,32.6,25.4,78.0,7.2,1,305.75,296.55
2026-09-21,Northeast,26.0,91.7,6.4,30.4,23.3,91.0,7.1,1,303.55,
2026-09-22,Northeast,26.0,91.7,20.3,30.9,23.4,93.0,7.5,1,304.05,
2026-09-23,Northeast,26.0,91.7,8.0,27.1,23.0,96.0,4.1,1,300.25,
2026-09-24,Northeast,26.0,91.7,6.0,29.9,23.1,90.0,6.8,1,303.05,
2026-09-25,Northeast,26.0,91.7,3.7,30.1,22.9,91.0,7.2,1,303.25,
2026-09-26,Northeast,26.0,91.7,1.7,30.3,23.3,83.0,7.0,1,303.45,
2026-09-27,Northeast,26.0,91.7,1.2,29.9,23.5,82.0,6.4,1,303.05,
2026-09-28,Northeast,26.0,91.7,0.0,30.3,24.3,80.0,6.0,1,303.45,
2026-09-21,Rajasthan Desert,27.0,73.0,0.0,35.8,24.6,52.0,11.2,1,308.95,
2026-09-22,Rajasthan Desert,27.0,73.0,0.0,37.0,25.0,47.0,12.0,1,310.15,
2026-09-23,Rajasthan Desert,27.0,73.0,0.0,38.8,24.8,41.0,14.0,1,311.95,
2026-09-24,Rajasthan Desert,27.0,73.0,0.0,39.3,25.0,37.0,14.3,1,312.45,
2026-09-25,Rajasthan Desert,27.0,73.0,0.3,38.2,26.0,45.0,12.2,1,311.35,
2026-09-26,Rajasthan Desert,27.0,73.0,0.0,36.9,25.9,49.0,11.0,1,310.05,
2026-09-27,Rajasthan Desert,27.0,73.0,0.4,34.0,26.6,58.0,7.4,1,307.15,
2026-09-28,Rajasthan Desert,27.0,73.0,0.2,33.8,24.7,61.0,9.1,1,306.95,
